details,etat,adresse_vente,prix,image_link
Gps Tracker G√©olocalisation,Neuf,"Ouakam,Dakar",45000,https://i.roamcdn.net/hz/ed/listing-thumb-224w/eb8302ce58ad1d5431d9e6cf04945336/-/horizon-files-prod/ed/picture/migrated/qm0j529/09e8d7e8562a17b34f0d50f9e7e3b42863d46aef.jpg
PARE BRISE,Neuf,"M√©dina,Dakar",40000,https://i.roamcdn.net/hz/ed/listing-thumb-224w/729c3087efa7934567107e0723dfcb78/-/horizon-files-prod/ed/picture/migrated/qn7jn2g/cfb86a7d869b1965227b54d58bee41c96abc5365.jpg
RADIATEUR,Neuf,"M√©dina,Dakar",60000,https://i.roamcdn.net/hz/ed/listing-thumb-224w/ac80258bfd09a67bb42e5e22fb7e4a63/-/horizon-files-prod/ed/picture/migrated/qq95xgk/f41ac2d0059a64c8576bc746374e2951b99720c5.jpg
Bache voiture 4x4 et SUV imperm√©able et doubl√© en coton,Neuf,"Grand-Dakar,Dakar",25000,https://i.roamcdn.net/hz/ed/listing-thumb-224w/4453914bf7532088404b37b1ef796b25/-/horizon-files-prod/ed/picture/qvjrkkw/67e13f800ae199b5c83abbbb9a09ab4fc219fac5.png
battery üîã pile,Neuf,"Dieuppeul,Dakar",3000,https://i.roamcdn.net/hz/ed/listing-thumb-224w/7a37a2a4e8a10a3f5f3e4b2fbb72119e/-/horizon-files-prod/ed/picture/qgq99req/c1e4bd3dfe6112cae54e0b6b20864a415198b666.jpg
Castrol edge huile de moteur (oil) 5W-30 16 000KM,Neuf,"Avenue Bourguiba,Dakar",30000,https://i.roamcdn.net/hz/ed/listing-thumb-224w/2c06984c76b8371a7c5cb8a22f829709/-/horizon-files-prod/ed/picture/q4489nz4/76895e18ec28591be529d4cd7e2e70666a9f3794.png
Ecran Retroviseur Tactile multim√©dia,Neuf,"Hann maristes,Dakar",25000,https://i.roamcdn.net/hz/ed/listing-thumb-224w/bb096cc3846700ddbd4047119f7407e4/-/horizon-files-prod/ed/picture/qj4r2w7d/1346b8295192cbd3c23a493f9c6ecc95a66dfc31.jpg
CANNE ANTIVOL POUR VOITURE,Neuf,"Mbour,Thi√®s",30000,https://i.roamcdn.net/hz/ed/listing-thumb-224w/780c17a149b7083e0f56048a4c3cb3c6/-/horizon-files-prod/ed/picture/qxj25qv4/a1cb485651d69630ad444a7b264dd832102ea272.jpg
Bache auto,Neuf,"Pikine,Dakar",12500,https://i.roamcdn.net/hz/ed/listing-thumb-224w/78e57cc616509297f7b110da08805982/-/horizon-files-prod/ed/picture/qv4e2z5x/e2ca2280e60c01ea24588b758dc8c873b997d0d0.jpg
Si√®ge Auto BB haut de gamme et booster enfant,Neuf,"Hann maristes,Dakar",64000,https://i.roamcdn.net/hz/ed/listing-thumb-224w/b628b9e0bb3c4d400aad7552362f9211/-/horizon-files-prod/ed/picture/q8v575k0/499f355e89c88ac435398dcec8de2b178a3ff644.jpg
Pare-brise,Neuf,"M√©dina,Dakar",45000,https://i.roamcdn.net/hz/ed/listing-thumb-224w/ab00187a42a2b0724b2b37722c0cfb0a/-/horizon-files-prod/ed/picture/q448x6e8/1e9bf778d82d9c0d99cff3e62b33d5cd4f218311.jpg
Outil de diagnostic voitures wifi OBD2 ELM327,Neuf,"Patte d‚Äòoie,Dakar",10000,https://i.roamcdn.net/hz/ed/listing-thumb-224w/e79408bd139d1f9ed5798e5d3208954c/-/horizon-files-prod/ed/picture/qngxzznz/e51bc281d25194bab8cdbb3d4f2bfe47061e4a0e.jpg
Bache voiture 4x4 et SUV imperm√©able et doubl√© en coton,Neuf,"Grand-Dakar,Dakar",25000,https://i.roamcdn.net/hz/ed/listing-thumb-224w/94cae65dfa991ea6e4a350eb474b9fd4/-/horizon-files-prod/ed/picture/qxj6q7zm/ebc17c7f0ab32cd1626fd6922d27eab048597174.png
Tuyau D'arrosage Extensible 30m,Neuf,"Grand-Dakar,Dakar",15000,https://i.roamcdn.net/hz/ed/listing-thumb-224w/f30743a63204075f90d7169f22d98ef8/-/horizon-files-prod/ed/picture/q566jgx5/db3665c66357413b17c0c11b4c1f7b774b3de90e.jpg
Tapis de sol repose pied avec logo de votre voiture,Neuf,"Grand-Dakar,Dakar",15000,https://i.roamcdn.net/hz/ed/listing-thumb-224w/0f4f80a50691b7313a511fdb065d2b08/-/horizon-files-prod/ed/picture/q787g6rz/e03dd1f23890c268e774aacb1dd43716a419b707.jpg
Batterie auto garantie 6mois,Neuf,"Pikine,Dakar",42500,https://i.roamcdn.net/hz/ed/listing-thumb-224w/7c5f092b16136111116b9e9f3cbe52e4/-/horizon-files-prod/ed/picture/qxj66dew/defd3e015c0e4a2d4012a9eb83c62b60be14d7ea.jpg
Bache auto import√©e,Neuf,"Pikine,Dakar",12500,https://i.roamcdn.net/hz/ed/listing-thumb-224w/1366fba26ad65d9ee122e302fb4edf12/-/horizon-files-prod/ed/picture/q56x0740/c20d77700a7140805c31dcc6f412284cd7c0be93.jpg
"Programmation, relooking, configuration de cl√©s autos",Neuf,"Patte d‚Äòoie,Dakar",10,https://i.roamcdn.net/hz/ed/listing-thumb-224w/fcb19e73e0e0e2e3e59a3cd15ad98c7d/-/horizon-files-prod/ed/picture/qx95v44/b1dd23936087228bf16a8fe50bbd89eac7e9cb0d.jpg
Appareil Diagnostique Auto,Neuf,"Ouakam,Dakar",20000,https://i.roamcdn.net/hz/ed/listing-thumb-224w/8b7d933bc6a34a5bed6e70aaf7f91bc9/-/horizon-files-prod/ed/picture/q448x5jv/eb6b6b0847c7d9e8f41a3363212ef5611a509a18.jpg
launch 123x v 2.0 nouvelle version 2024,Neuf,"Yoff,Dakar",180000,https://i.roamcdn.net/hz/ed/listing-thumb-224w/30b301d5c78921d64ca9259a06de0a0a/-/horizon-files-prod/ed/picture/qm5pz6pg/800d7a4b418b424d7c06445da27edeaf0c535ef1.jpg
Bache voiture 4x4 et SUV imperm√©able et doubl√© en coton,Neuf,"Grand-Dakar,Dakar",25000,https://i.roamcdn.net/hz/ed/listing-thumb-224w/40712c576e07ab9f52f753ecffd34bd5/-/horizon-files-prod/ed/picture/qpdp8wx2/876ca19313baf8b0e8aa112e675dfd20095de499.png
Pistolet Nettoyeur Haute Pression 30 bar,Neuf,"Grand-Dakar,Dakar",35000,https://i.roamcdn.net/hz/ed/listing-thumb-224w/6bc003bf6e501aa01377de9fe359003b/-/horizon-files-prod/ed/picture/qxj2gknq/0be70665dbce4840064546022540ff38f926222e.png
Chargeur Batterie,Neuf,"Guediawaye,Dakar",20000,https://i.roamcdn.net/hz/ed/listing-thumb-224w/c976853cce18cce00743b485217778b6/-/horizon-files-prod/ed/picture/qzvdmqj6/735a6d63a855876a1195d9fed8fb76fb2940aa66.jpg
Cire Int√©rieur Voiture,Neuf,"Guediawaye,Dakar",5000,https://i.roamcdn.net/hz/ed/listing-thumb-224w/f7f866522438788a3c0685be1c4d72b0/-/horizon-files-prod/ed/picture/qwe2757k/1bc4a040fc422f9bd7de71640844f66a06d1f903.jpg
Pare-brise de voiture,Neuf,"M√©dina,Dakar",45000,https://i.roamcdn.net/hz/ed/listing-thumb-224w/10b9c6ab69db025dfb6d19c11dbe7e33/-/horizon-files-prod/ed/picture/qrz24708/3ca4f8ae65a957ec976a033ae9c07a12aba3803b.jpg
Corde de remorquage voiture,Neuf,"Pikine,Dakar",7000,https://i.roamcdn.net/hz/ed/listing-thumb-224w/e77b3fcf8076afd8ebae2a7c75163ad3/-/horizon-files-prod/ed/picture/qwe27dzj/98ca9a1a411c5b7c33143c9f6caadbfb59d92870.jpg
Casque moto,Neuf,"Pikine,Dakar",12000,https://i.roamcdn.net/hz/ed/listing-thumb-224w/0e7f20f5051c74e0d26917e3f1aec33e/-/horizon-files-prod/ed/picture/qrzv98q5/a790be01da3fde1fc2fbfcc810db867d1df0f561.jpg
B√¢che moto,Neuf,"Pikine,Dakar",9900,https://i.roamcdn.net/hz/ed/listing-thumb-224w/8330520a12a2cf943edb5842f95d36cd/-/horizon-files-prod/ed/picture/migrated/qd992m8/64c20ac1f6ac0334be78ab04656634ce8a00eb71.jpg
HUILE EDGE,Neuf,"M√©dina,Dakar",40000,https://i.roamcdn.net/hz/ed/listing-thumb-224w/27e79f080faa62e71608b5f1fd9df748/-eyJvciI6MH0%3D/horizon-files-prod/ed/picture/qngx67xv/11057b3da6dc8b1ac9902900834b07d39a2f16ac.jpg
PARE-BRISE ET VERRE PORTE,Neuf,"M√©dina,Dakar",40000,https://i.roamcdn.net/hz/ed/listing-thumb-224w/4860607bb1e7d0105fba94c56feba739/-/horizon-files-prod/ed/picture/qngdr50r/f465d9a72463e51dd50b7ca5f2e681cc0ba4b631.jpg
GPS coupe moteur + installation et suivi Garanti 1an,Neuf,"Sud foire,Dakar",44998,https://i.roamcdn.net/hz/ed/listing-thumb-224w/45c7a405f7295552eb330cc35bcd7c33/-/horizon-files-prod/ed/picture/qv4e6px2/7594c4ccf443a2da415f455949f7a5e5c753dbaa.png
Casque LS2,Neuf,"Sicap Libert√©,Dakar",170000,https://i.roamcdn.net/hz/ed/listing-thumb-224w/bf8c8d40d299d1df98af9f984bb05946/-/horizon-files-prod/ed/picture/migrated/qzzrqwk/8cf151457041c163026ebaadd2a91a17412ebfc3.jpg
Compresseur gonfleur pneus,Neuf,"Plateau,Dakar",30000,https://i.roamcdn.net/hz/ed/listing-thumb-224w/674ba1e1b2319417c94f87ec897f4ae4/-/horizon-files-prod/ed/picture/qxj20rjq/51c0da7c893c1a3836c4d7f8d8128b631b6b9510.jpg
Huile synth√©tique Rulexx plus GTX p√©trole &Diesel.10w40,Neuf,"Liberte 5,Dakar",35500,https://i.roamcdn.net/hz/ed/listing-thumb-224w/396edad81c03b4e706b8f5c28a3d8c99/-/horizon-files-prod/ed/picture/q785zn2d/61f3154ba9c1e0f6527bb1640c4ba76ce3d3a00f.jpg
Batteries auto,Neuf,"Liberte 5,Dakar",35000,https://i.roamcdn.net/hz/ed/listing-thumb-224w/444773512f2801529371c8e3fb57d824/-/horizon-files-prod/ed/picture/qxvzn44/f90289ae90b90ec9d651c9e288c1ea81d0b0fb10.jpg
Dossier lombaire orthop√©dique + pare soleil,Neuf,"Plateau,Dakar",9900,https://i.roamcdn.net/hz/ed/listing-thumb-224w/7e222baa85ac8d5451c6803645e4d947/-/horizon-files-prod/ed/picture/q2jqemzv/3e813b8cb4c2c26e6d1a81c829cba84c31802804.jpg
Traceur GPS pour entreprise,Neuf,"Colobane,Dakar",15000,https://i.roamcdn.net/hz/ed/listing-thumb-224w/8b3cba9fef700c87fac26cc08fa9a809/-/horizon-files-prod/ed/picture/qngxmqje/eaa9956543c63454b5e2a10056cf326f46d40b89.png
Compresseur d'air pour voiture 12 v,Neuf,"Fann,Dakar",14000,https://i.roamcdn.net/hz/ed/listing-thumb-224w/b91bb3c138176128c6e7ac1ce6453698/-/horizon-files-prod/ed/picture/q56xek4e/5f83dc8cc84aaa7a60104ef907361efeede406eb.jpg
CHARGEUR DE BATTERIES INTELLIGEANT,Neuf,"Hann maristes,Dakar",24000,https://i.roamcdn.net/hz/ed/listing-thumb-224w/032f06b643d2a795d499d05ce3c1299c/-/horizon-files-prod/ed/picture/qv648nj/8d12c4e1c9a44c0f14d063d720a64a5059ca256d.jpg
D√©calaminage Moteur Automobile,Neuf,"Sicap baobab,Dakar",20000,https://i.roamcdn.net/hz/ed/listing-thumb-224w/697d96199c39ef1cc1fa6f4b4a3d6064/-/horizon-files-prod/ed/picture/q4zx27v/3c9afbbde2b35c63ad9b9722a93fc9c3958f9c77.jpg
Compresseur d‚Äôair,Neuf,"Grand-Dakar,Dakar",15000,https://i.roamcdn.net/hz/ed/listing-thumb-224w/636d39c3f1415686d4ba1de2e031ff61/-/horizon-files-prod/ed/picture/q62nmnj/b8b123ce861d7f43c70f4d63a2c96400b0bc0eb8.jpg
Phare BMW s√©rie 3,Neuf,"Mermoz,Dakar",350000,https://i.roamcdn.net/hz/ed/listing-thumb-224w/6e60e565d7516bbee5c263142edf913f/-/horizon-files-prod/ed/picture/qq47v8nw/33cee49e7baf4ac97b6efea4abab127fb511656e.jpg
GPS + option arr√™t moteur,Neuf,"Ouakam,Dakar",25000,https://i.roamcdn.net/hz/ed/listing-thumb-224w/42fe27463f75aefa367b77d8ab7edd42/-/horizon-files-prod/ed/picture/migrated/q455zmv/5b7511f788f9bc8c647b92ff98d1e1d477cf422b.jpg
Mini aspirateur gonfleur 4 in 1,Neuf,"Plateau,Dakar",27000,https://i.roamcdn.net/hz/ed/listing-thumb-224w/721ad6adb3a6b2c4b97b9d1c93d3884e/-/horizon-files-prod/ed/picture/migrated/qn72w6x/a1daa125de6742816ed31c8565c71844349cb990.jpg
Liquide Mousse Nettoyant Carrosserie,Neuf,"Guediawaye,Dakar",3000,https://i.roamcdn.net/hz/ed/listing-thumb-224w/a7c49dc6ddbfa99f472ec0553489369c/-/horizon-files-prod/ed/picture/q6xkwe4g/d2999fc4fb98c30046df72d5b0d66707a9330cda.jpg
Housse de voiture de luxe 5 places,Neuf,"Grand-Dakar,Dakar",60000,https://i.roamcdn.net/hz/ed/listing-thumb-224w/f8445ffcc2b3811ccf22108be016921a/-/horizon-files-prod/ed/picture/q94z565/8615ad14bf83dab6883b00c70a1b0143cf7ed025.png
TRACKER GPS,Neuf,"Grand-Yoff,Dakar",40000,https://i.roamcdn.net/hz/ed/listing-thumb-224w/2904a532a430a590546477cf06ee4854/-/horizon-files-prod/ed/picture/migrated/qvgqj62/e22337a5b1197aac0960a05276404a39afe0725d.jpg
"Gonfleur Pneu Voiture, Compresseur d'air avec lampe",Neuf,"Castor,Dakar",18000,https://i.roamcdn.net/hz/ed/listing-thumb-224w/bb61053fe0ed39e35f665778f84b3a0a/-/horizon-files-prod/ed/picture/qgq9n46m/8d5996fbfbb7eb65bd6ee9bf46724c6281126ca2.jpg
Support t√©l√©phone pour moto,Neuf,"Hann maristes,Dakar",6000,https://i.roamcdn.net/hz/ed/listing-thumb-224w/033629f70e65d24dc8da7e1a40ac7ceb/-/horizon-files-prod/ed/picture/qpd6z00q/3ca40b8db961be011402b208ad25474f40474926.jpg
B√¢che auto,Neuf,"Hann maristes,Dakar",18000,https://i.roamcdn.net/hz/ed/listing-thumb-224w/cb7890e3cf5076287598668ed03ca8e0/-/horizon-files-prod/ed/picture/qm5p9gkq/d894165145bc30439b90631c713f7ec1cd00dde9.jpg
"Pistolet de lavage de voiture haute pression sans fil,",Neuf,"Castor,Dakar",35000,https://i.roamcdn.net/hz/ed/listing-thumb-224w/da1679fb1b341c00ecafd6bd53ca07d5/-/horizon-files-prod/ed/picture/qdekqde4/a83b6f491d75663383807a6d9e1ba0a85e08aab8.jpg
Pompe √† air double cylindre,Neuf,"Plateau,Dakar",30000,https://i.roamcdn.net/hz/ed/listing-thumb-224w/adee6667fda543f11d64a1981d488a55/-/horizon-files-prod/ed/picture/migrated/qp0jmpm/4e3fc5d19a269e364dc84ded6126cf3f061b1270.jpg
Remorque Semi-Cl√¥ture Neuve √† 4 Essieux Simlet - 65 Tonnes,Neuf,"Keur Massar,Dakar",26000000,https://i.roamcdn.net/hz/ed/listing-thumb-224w/68d048a20d16318ee2aa90679c920d25/-/horizon-files-prod/ed/picture/q785e88j/2389c1d9cbc1ee9341918e401668e2c32612aa30.jpg
Lecteur MP3 Voiture T10,Neuf,"Dieuppeul,Dakar",8000,https://i.roamcdn.net/hz/ed/listing-thumb-224w/5f3564cfbd46aaf3d8a96f7fcd331abd/-/horizon-files-prod/ed/picture/migrated/qjpzp94/0a902038fae7f6526d86f14eeebaaa7ef37483d4.jpg
Dakar pare-brise,Neuf,"M√©dina,Dakar",50000,https://i.roamcdn.net/hz/ed/listing-thumb-224w/67bddadca7e3bdcd42b43ddd620c894c/-/horizon-files-prod/ed/picture/q2jqezn8/1e49196a3a17988fa3cc1f8197e908518a4c525f.jpg
Tampon amortisseur Ford Explorer,Neuf,"Nord foire,Dakar",40000,https://i.roamcdn.net/hz/ed/listing-thumb-224w/098f5b0ece2eeb7fd59cbe841629e525/-/horizon-files-prod/ed/picture/qv4e8n48/a486485c3561d86a51e9c93e0b0c4bfaa0cf2de4.jpg
Pi√®ce jointe,Neuf,"Pikine,Dakar",160,https://i.roamcdn.net/hz/ed/listing-thumb-224w/6ccae8b04ce666679029e7ee144e27ed/-/horizon-files-prod/ed/picture/q8v5k7p6/6ca11aebc20458e9755940efe1f5f76de2c87a57.jpg
Pompe √† eau Mercedes,Neuf,"Pikine,Dakar",1,https://i.roamcdn.net/hz/ed/listing-thumb-224w/68306f7ae85becff161079188a400e4d/-/horizon-files-prod/ed/picture/qgq9pv9q/69de8204ba48766c5b4aeb535c08f728d6573119.jpg
AUTEL PS 100 TEST CIRCUIT,Neuf,"Guediawaye,Dakar",90000,https://i.roamcdn.net/hz/ed/listing-thumb-224w/f260f622da84c14d9996850fe693f88e/-/horizon-files-prod/ed/picture/qngx6eme/a8389a5b7121eb27316ba2879905c7d26b9e5cdf.jpg
BLOUSONS MOTARD,Neuf,"Yoff,Dakar",15,https://i.roamcdn.net/hz/ed/listing-thumb-224w/7c2970f45641f72d084e429403a17fab/-/horizon-files-prod/ed/picture/q6xk4q4n/4d816547cded47ed8d2de76e54afc3f85c129cee.jpg
Disques de frein,Neuf,"VDN,Dakar",50000,https://i.roamcdn.net/hz/ed/listing-thumb-224w/6e51b2ffbb0813296c6865db8168a215/-/horizon-files-prod/ed/picture/qpd6vr8p/ee6d161dd4ec7c6d0caa7872a4eb440dc6a0359b.jpg
MUCAR V08,Neuf,"Guediawaye,Dakar",625000,https://i.roamcdn.net/hz/ed/listing-thumb-224w/190fd8ff2b155499878788b22fd756fb/-/horizon-files-prod/ed/picture/qm5p2qkj/2e26820c79bf956f2a783a7f1b6afb3dfb8b83d4.jpg
LED SPOILER,Neuf,"Parcelles Assainies,Dakar",25000,https://i.roamcdn.net/hz/ed/listing-thumb-224w/780e6e5cda2b07d595f14e886f92d6e9/-/horizon-files-prod/ed/picture/qrzv9kdm/af1f255e5f1c9c7ede56d2ec83a918b2fb99b9c9.jpg
Plaquettes de frein,Neuf,"VDN,Dakar",32500,https://i.roamcdn.net/hz/ed/listing-thumb-224w/f5b7381522757473f53345090fd10620/-/horizon-files-prod/ed/picture/qwe245em/d3b07222e25ee9d2d0bc460492ae6787c12a986d.jpg
Pot Dominator GP1,Neuf,"Hann maristes,Dakar",95000,https://i.roamcdn.net/hz/ed/listing-thumb-224w/a2472e1c46267004cc9d72f8a2f7a4e9/-/horizon-files-prod/ed/picture/qpd6vq6p/ed29c406b578096f61f427f7c33b656788fa80ed.jpg
Housse de voiture de luxe 5 places,Neuf,"Grand-Dakar,Dakar",60000,https://i.roamcdn.net/hz/ed/listing-thumb-224w/153f8559245c20f5f78f39deffc5c0cc/-/horizon-files-prod/ed/picture/q0gw426w/8673bb26658f6bb331ea3774faaacd07597126c1.jpg
"Ensemble couvre volant, boite mouchoire ...",Neuf,"Grand-Dakar,Dakar",35000,https://i.roamcdn.net/hz/ed/listing-thumb-224w/afb073f8c33709158d7b16981ade1a27/-/horizon-files-prod/ed/picture/qdek8664/60d9066aadaf0433c13990c31ea2ce075476ecbc.jpg
Compresseur √† air / Pompe pneu voiture,Neuf,"Grand-Yoff,Dakar",10000,https://i.roamcdn.net/hz/ed/listing-thumb-224w/38389d61de010c8d1e41874de91d523b/-/horizon-files-prod/ed/picture/qkrgj2vv/268b9ac7f73ac189c51ce1cea0b80181c67d7389.jpg
Si√®ge bb isofix pivotant(bbaüá©üá™),Neuf,"Liberte 5,Dakar",150000,https://i.roamcdn.net/hz/ed/listing-thumb-224w/822b597d321c537733c66e4c1e6821a9/-/horizon-files-prod/ed/picture/qxj2evrz/9d50c2e1fb821d0ce750087369e7f05db67d8d76.jpg
Bras de suspension Ford Explorer,Neuf,"Nord foire,Dakar",60000,https://i.roamcdn.net/hz/ed/listing-thumb-224w/6d1473e96e11ae5ce6a2d254841c4a1e/-/horizon-files-prod/ed/picture/qngx6w9m/056e93f23227625036a473048960aa609654737b.jpg
Sonde lambda Ford Explorer,Neuf,"Nord foire,Dakar",35000,https://i.roamcdn.net/hz/ed/listing-thumb-224w/9de8bfe076c301c644923697d4083bff/-/horizon-files-prod/ed/picture/q448kp04/b9023e4419156b2e3de5d803b57b4716e56227e6.jpg
Rotules de direction Ford Explorer,Neuf,"Nord foire,Dakar",30000,https://i.roamcdn.net/hz/ed/listing-thumb-224w/c8b3d4c7c18e56cb56d6cd32240bc08b/-/horizon-files-prod/ed/picture/qxj2rq82/c081ef9f1509923d5bdd61fefb48cb03a8bed1eb.jpg
Batterie blind√© de voiture,Neuf,"M√©dina,Dakar",40000,https://i.roamcdn.net/hz/ed/listing-thumb-224w/f5d2714d6131c7ab89ab5581b3d2d83d/-/horizon-files-prod/ed/picture/q6xknrn8/86111168c76602c2d7ae3d00aade2fcd0208b19c.jpg
X431 PAD7 ELITE Avec Smartlink C VCI CODAGE EN LIGNE 2024,Neuf,"Yoff,Dakar",2500000,https://i.roamcdn.net/hz/ed/listing-thumb-224w/d210196edfeeaffe3fcb2e58d53476bd/-/horizon-files-prod/ed/picture/qenq4xq4/ff66fb6dba316d137bb2e45f1ececa9c038763c8.jpg
Launch X431 CRP919X BT ECU Codage 2024,Neuf,"Yoff,Dakar",400000,https://i.roamcdn.net/hz/ed/listing-thumb-224w/9ffd317954f04f576e1b82de9310499d/-/horizon-files-prod/ed/picture/qpd6vj6r/5bf50b09de6817c9f3fa938cfb0de03caffd62c4.jpg
launch x431 pro v 5.0 nouvelle version 2024,Neuf,"Yoff,Dakar",750000,https://i.roamcdn.net/hz/ed/listing-thumb-224w/105a53652a720ae8e41ddffbea2a39e9/-/horizon-files-prod/ed/picture/qwe24k2p/be9c05dcb0d9591c5bf86983506c6582b3dadd2b.jpg
Tracker GPS Dispositif de suivi intelligent Wiwu WT-02 iTag,Neuf,"Grand-Dakar,Dakar",22500,https://i.roamcdn.net/hz/ed/listing-thumb-224w/b88ad1e810c7e2445d4075c785d38119/-/horizon-files-prod/ed/picture/qxj2r29q/a12f8e7cc96112578d4fa15fb2297017e12b0b0d.jpg
bluetooth car mp3 player voitures oto vehicules,Neuf,"Dieuppeul,Dakar",6000,https://i.roamcdn.net/hz/ed/listing-thumb-224w/3e25cf9974776245e512d7b949066330/-/horizon-files-prod/ed/picture/qv4m8028/9117e94849fa37f73c3155fd61e3c3b8d2f4409d.jpg
"Gonfleur de Pneu, Compresseur d'air, Connecteur de Valve",Neuf,"Castor,Dakar",16000,https://i.roamcdn.net/hz/ed/listing-thumb-224w/e8320170348c960243ee10715a722d8e/-/horizon-files-prod/ed/picture/q0gwd60x/9fe3ec5557fc9cdd7728e240ec158184a19bf78e.jpg
Support t√©l√©phone pour moto,Neuf,"Hann maristes,Dakar",6000,https://i.roamcdn.net/hz/ed/listing-thumb-224w/595e31c40b422e68a3eb189267784df9/-/horizon-files-prod/ed/picture/qdek8w24/bff7ebc1270db8795696c148886b61ce182fd3fd.jpg
Housse chaise voiture,Neuf,"Hann maristes,Dakar",50000,https://i.roamcdn.net/hz/ed/listing-thumb-224w/7b73e00607e2eb96f099d4eff577a8a9/-/horizon-files-prod/ed/picture/qkrgj5xp/a76ef32e368498053ae122915e53b4f5c4770a58.jpg
Casque moto,Neuf,"Hann maristes,Dakar",27000,https://i.roamcdn.net/hz/ed/listing-thumb-224w/6131f7c1b6022cad64abc3357a548940/-/horizon-files-prod/ed/picture/qm5p2rjg/271e364f830ebd16e2713cb2548f3f10fe898e4a.jpg
Casque moto original,Neuf,"Hann maristes,Dakar",49000,https://i.roamcdn.net/hz/ed/listing-thumb-224w/8b655c4612f3ffc02480c709da54dfa0/-/horizon-files-prod/ed/picture/q448kd64/812c0ef1ca62f6d29effe35a707d0b2fc907db5e.jpg
Gonfleur de pneus portable,Neuf,"Pikine,Dakar",12000,https://i.roamcdn.net/hz/ed/listing-thumb-224w/9722c41d9f7dd274f9fc9353c36b42f6/-/horizon-files-prod/ed/picture/q0gwjq28/7e3d66eb16d167d07926b4386b144a51915b042a.jpg
Filtres √† huile Bosch,Neuf,"VDN,Dakar",7000,https://i.roamcdn.net/hz/ed/listing-thumb-224w/247e66d435c0cc2024b6b37926e19638/-/horizon-files-prod/ed/picture/qpd6e4k4/7c36f5c9f9a94a833ac6481fa1dd7fd7956f2ceb.jpg
pare-brise de voiture pare-soleil rayons UV et chaleur,Neuf,"Plateau,Dakar",15000,https://i.roamcdn.net/hz/ed/listing-thumb-224w/cd2fd4b4a521f07f55c3f21630e1df7f/-/horizon-files-prod/ed/picture/qngxeq0k/58103667c7e1e41d2fa5a21f62ccf22a9d22d663.jpg
Casques Shark Carbon,Neuf,"Hann maristes,Dakar",150000,https://i.roamcdn.net/hz/ed/listing-thumb-224w/987f91e273ea32f033e56484c8564469/-/horizon-files-prod/ed/picture/q785q2rj/e2966d70c2cf8c444a5302b149f70067136de3d9.jpg
Casques Moto Homologu√©s DOT et ECE,Neuf,"Castor,Dakar",1,https://i.roamcdn.net/hz/ed/listing-thumb-224w/a4988c46db3d33f71ee8484ea46e1250/-/horizon-files-prod/ed/picture/qm5pekq2/99a14f6e529cfa3b77e8b35620ef1b5211352828.jpg
Batterie auto 12 mois garantie,Neuf,"M√©dina,Dakar",45000,https://i.roamcdn.net/hz/ed/listing-thumb-224w/bc1dd2079ae86a0bf40b3132db429d6b/-/horizon-files-prod/ed/picture/q785zr8n/91056d9b9e574563acf5fb25bba49bd8a92db1eb.jpg
Vente et montage Pare-brise auto,Neuf,"Plateau,Dakar",40000,https://i.roamcdn.net/hz/ed/listing-thumb-224w/23fd75577c77177687624d2e3de8192e/-/horizon-files-prod/ed/picture/q785pxnx/37126279d4cec58c9d023422f114d6893955d42c.jpg
Pare-brise Auto,Neuf,"Plateau,Dakar",50000,https://i.roamcdn.net/hz/ed/listing-thumb-224w/dd8c84ba6ed7656ab0e6571ef889f5f0/-/horizon-files-prod/ed/picture/qnmemvr/9b3e4735775ea9fe456f617987a5ff65d95e646e.jpg
B√¢che auto sur mesure,Neuf,"Pikine,Dakar",19000,https://i.roamcdn.net/hz/ed/listing-thumb-224w/96780f262f8f5e1ba1603307928283c9/-/horizon-files-prod/ed/picture/q9m8zv87/bd041f461e83b5a161d2ab0c0d2d030c17c1a9a4.jpg
Casque LS2 Valiant 2,Neuf,"Castor,Dakar",142500,https://i.roamcdn.net/hz/ed/listing-thumb-224w/dc396313b1334c901dbabd7e992a0636/-/horizon-files-prod/ed/picture/qwe27k5d/11314103a9d32ba8bf1154b6aeb2f89c7d600b63.jpg
GPS Tracker Moto,Neuf,"Guediawaye,Dakar",25000,https://i.roamcdn.net/hz/ed/listing-thumb-224w/e5ec098f082327bf0155817d57dcb1cb/-/horizon-files-prod/ed/picture/qgq908j8/a85597ac36bd7af13106d349597698ef3a7c696f.png
GPS Tracker Voiture et Moto,Neuf,"Guediawaye,Dakar",40000,https://i.roamcdn.net/hz/ed/listing-thumb-224w/a75d0b026b0a4cdfdbbba321cb37be21/-/horizon-files-prod/ed/picture/qq47v687/bbe3de00b5eaad0e65d7d82dd3508d5913b8ae3a.png
FREIN BREMBO AV / AR POUR BMW R 1250 GS ADVENTURE,Neuf,"Hann maristes,Dakar",120000,https://i.roamcdn.net/hz/ed/listing-thumb-224w/2567afde63d78418ca95f1b84372c511/-/horizon-files-prod/ed/picture/q448v0z9/8b648bbb3e814e9cad91bf5c922a36101de1c02d.jpg
pneu 315/80R22.5 marque apollo,Neuf,"Sacr√©-c≈ìur,Dakar",200000,https://i.roamcdn.net/hz/ed/listing-thumb-224w/ac6f58a7f8257fa86f477474f180f05f/-/horizon-files-prod/ed/picture/qrzvev65/0c423ba970b6ea6ef26d022c10304126ef4ecabb.png
Batterie de voiture 75ah neuve,Neuf,"Plateau,Dakar",38000,https://i.roamcdn.net/hz/ed/listing-thumb-224w/173c94a7bcd200d339f51326f560a8d9/-/horizon-files-prod/ed/picture/q785z5g8/238174af039fbaa7b5bf7552df8f07538bdc4752.jpg
Ensemble Couvre Volant Et Bo√Æte Mouchoir,Neuf,"Grand-Dakar,Dakar",22000,https://i.roamcdn.net/hz/ed/listing-thumb-224w/8ff3ef708c9592cb0e8cfde61c47a349/-/horizon-files-prod/ed/picture/q9epnp6/dc35e9b55195bbc5aab5f8985fa50aa23ee207c8.png
"Pare-soleil pour pare-brise voiture vitre avant et arri√®re,",Neuf,"Grand-Dakar,Dakar",8500,https://i.roamcdn.net/hz/ed/listing-thumb-224w/6f441b71789cc4588f020e4bccd302e8/-/horizon-files-prod/ed/picture/q785qk78/bfbed4765cfd144d4f71c276b23ac53d54101dad.png
CASQUES AXOR POUR MOTOS & SKOOTERS,Neuf,"Plateau,Dakar",29998,https://i.roamcdn.net/hz/ed/listing-thumb-224w/72362ea82042d13f5ec385c4510a89c1/-/horizon-files-prod/ed/picture/q9m9v7vv/cb665eee669ca363fbe1fa2ce76db121f7d27109.jpg
Filtres √† huile moteur,Neuf,"VDN,Dakar",5000,https://i.roamcdn.net/hz/ed/listing-thumb-224w/64f6db093d23484c4bc60c2363ca862f/-/horizon-files-prod/ed/picture/qv4e6prx/2b2dc379f10332da254eb10825263082ed7ddbec.jpg
GPS sinotrack avec relais arret moteur,Neuf,"Hlm,Dakar",27000,https://i.roamcdn.net/hz/ed/listing-thumb-224w/9a8ccbdcd3c320a3b02acdc3e997e4d1/-/horizon-files-prod/ed/picture/qzvdzp8x/5c949f76aecb47a43c7b43b8085dd50dc0a25ca0.jpg
Filtres √† huile moteur,Neuf,"VDN,Dakar",7500,https://i.roamcdn.net/hz/ed/listing-thumb-224w/038caaac1ff02cb590e854f9a90b1db5/-/horizon-files-prod/ed/picture/qenqkg7j/32f64dac63654d009cbff600df43255d35ea22ef.jpg
Injecteurs,Neuf,"Rufisque,Dakar",80000,https://i.roamcdn.net/hz/ed/listing-thumb-224w/d424fd0030acf7f08a57d2c204219afb/-/horizon-files-prod/ed/picture/q8v58ex7/4fecfa404c9b8d05987d5a175ba1c3ac5bb8693c.jpg
pompe de gonflage pneus,Neuf,"Point-e,Dakar",35000,https://i.roamcdn.net/hz/ed/listing-thumb-224w/746cd668ca339574cdc627f09aadef72/-/horizon-files-prod/ed/picture/qpd6800r/e1d875a8d2f3036f42009a89e8dd22f984c85dde.png
√âcran Android Multifonctions,Neuf,"Guediawaye,Dakar",25000,https://i.roamcdn.net/hz/ed/listing-thumb-224w/95ddd184f45142db88b9fe271d2d7ae7/-/horizon-files-prod/ed/picture/q9m9vz60/124ee090f71a71ffe23874c509678a40bcab3734.jpg
Lecteur MP3 Auto,Neuf,"Guediawaye,Dakar",5000,https://i.roamcdn.net/hz/ed/listing-thumb-224w/47e789d641b8db458f1c343b3b64235d/-/horizon-files-prod/ed/picture/q9m9vxmj/112ee7378c8d98aaf5a7d9dc7be4822b5408168f.jpg
Pistolet √† eau Haute Pression lavage voiture,Neuf,"Guediawaye,Dakar",7000,https://i.roamcdn.net/hz/ed/listing-thumb-224w/2fb93cc9eafc7acb5f602ab8723ca520/-/horizon-files-prod/ed/picture/qrzvxm25/6b1982d26428d1ff4709376f96034c3aedee8104.jpg
Casque moto HJC Original,Neuf,"Hann maristes,Dakar",70000,https://i.roamcdn.net/hz/ed/listing-thumb-224w/dd41439086a54e41901b5688163e4e07/-/horizon-files-prod/ed/picture/qm5pw4w9/77415cc0b35a4d8f5461f39c175972ee2a71a151.jpg
PARE-BRISE de toutes les marques,Neuf,"M√©dina,Dakar",60000,https://i.roamcdn.net/hz/ed/listing-thumb-224w/4dd557ffddf133dff01d693248618c65/-/horizon-files-prod/ed/picture/qrzv60qn/a1a8bb6bfb804198ddf5d2f5a1165288546c8984.jpg
Ampoule h7 et h4,Neuf,"Rufisque,Dakar",1000,https://i.roamcdn.net/hz/ed/listing-thumb-224w/0687d4091e6d30dc2ed54ce780b08d36/-/horizon-files-prod/ed/picture/qxj2m0z0/bc5fcff6ad8ab16d1457ce0f5cd826958607b968.jpg
Bo√Æte mouchoirs et housse de protection volant(strase),Neuf,"Sicap Libert√©,Dakar",22000,https://i.roamcdn.net/hz/ed/listing-thumb-224w/ec3ec890c567888f03e1664a06427b93/-/horizon-files-prod/ed/picture/q6xkj584/3f232d52a1fa979ae9b28cc7d031cc8d5923e9dd.jpg
Tapis standard 5 pieces pour voiture,Neuf,"Grand-Dakar,Dakar",11000,https://i.roamcdn.net/hz/ed/listing-thumb-224w/ca018c778592eb2e87b1a18f6140ccb6/-/horizon-files-prod/ed/picture/qgvx460/632084cf7aa0b75e6e3f2c766ca900ce74f766a0.jpg
"Mini traceur GPS GF07, localisateur",Neuf,"Grand-Dakar,Dakar",15000,https://i.roamcdn.net/hz/ed/listing-thumb-224w/52fe3a28987163c13438e08a2946d631/-/horizon-files-prod/ed/picture/qj75d2e/0434ffee0b5668bf0ba08f368e6c1e70bee18d39.jpg
"B√¢che Suv,berline(housse de protection) en pvc",Neuf,"Sicap Libert√©,Dakar",20000,https://i.roamcdn.net/hz/ed/listing-thumb-224w/e6bc07faaf1bf45e66f8ff4a7a873243/-/horizon-files-prod/ed/picture/q7856g7n/468770911ed0a1b14e81042b4f37a0455a4c6336.jpg
Gps de surveillance de voiture/moto,Neuf,"Hann Bel-Air,Dakar",22500,https://i.roamcdn.net/hz/ed/listing-thumb-224w/bc04f3200864dd47b9ea291feb17e49d/-/horizon-files-prod/ed/picture/qxz9qdz/e12a77b7b3584e473e6f71b74250df2749f90315.jpg
BOUGIE D'ALLUMAGE,Neuf,"Ouest foire,Dakar",12000,https://i.roamcdn.net/hz/ed/listing-thumb-224w/6dc90b6523dc23e24059f76fd1a494c6/-/horizon-files-prod/ed/picture/qkrgzg7p/85d5741ec34073fd7e39cb344888555ead814500.jpg
COQUE DE CLE POUR VOITURE,Neuf,"Ouest foire,Dakar",10000,https://i.roamcdn.net/hz/ed/listing-thumb-224w/c55cae7f89efc77525e13ae19ce4ada5/-/horizon-files-prod/ed/picture/q6xkjkq8/02db76026ac72c385e4bc4836cb0914aee79881f.jpg
Socle de t√©l√©phone pour voiture,Neuf,"Sicap foire,Dakar",15000,https://i.roamcdn.net/hz/ed/listing-thumb-224w/ef7c16d484453d4742145176c8cdd05d/-/horizon-files-prod/ed/picture/qxj27j9v/e553d7758dcb8014776dbc8d8b8ed1ba3080e832.jpg
Haut parleur pour voiture,Neuf,"Guediawaye,Dakar",50000,https://i.roamcdn.net/hz/ed/listing-thumb-224w/33aaac89c81469b3df0ec6f6dd291f73/-/horizon-files-prod/ed/picture/q0gw6mkd/78a94ea07b43088d965690da1e456d5cf54dc529.jpg
Batterie auto,Neuf,"M√©dina,Dakar",45000,https://i.roamcdn.net/hz/ed/listing-thumb-224w/94de27ab647aed8b6eb37a4d17d68b8d/-/horizon-files-prod/ed/picture/qngxv4k0/f146f9dcd692ac979d00ae813c47f8dab08b0ea9.jpg
Kit embrayage,Neuf,"Rufisque,Dakar",250000,https://i.roamcdn.net/hz/ed/listing-thumb-224w/ec9239df1eb608733b80586d059b2359/-/horizon-files-prod/ed/picture/qenq8692/bd44634333adc988398d054f159b4c44e8f9c279.jpg
GPS tracker g√©olocalisation,Neuf,"Mamelles,Dakar",45000,https://i.roamcdn.net/hz/ed/listing-thumb-224w/a142977ad1c547f5f66e4d64fe345386/-/horizon-files-prod/ed/picture/q0gw520x/d15f7816fb4f5592d3d2e50a6ef3b9202eb9990c.png
R√©parations et ventes d'injecteurs de tous types,Neuf,"Ouakam,Dakar",55000,https://i.roamcdn.net/hz/ed/listing-thumb-224w/3ecd9c9ba30b8f4c9b839ff77c61735b/-/horizon-files-prod/ed/picture/q2jqv4k8/3408d644263980655dd0f38c2dc7a507d7533795.jpg
Disques freins.,Neuf,"Rufisque,Dakar",25000,https://i.roamcdn.net/hz/ed/listing-thumb-224w/7cb165faf39114a9d122f5fceba9b86f/-/horizon-files-prod/ed/picture/qzvdknwn/d51c9777cdab5194b4e1eb496e58871a5ff12f58.jpg
Huile moteur Castrol Edge - Mobil 1 - Motorcraft - Toyota,Neuf,"Ouest foire,Dakar",1,https://i.roamcdn.net/hz/ed/listing-thumb-224w/4dc91ea05a724cc7a33e390334c121b0/-/horizon-files-prod/ed/picture/q0gw6ree/57554f6a78686b93155d91350ec95c4247fcd82a.jpg
Nettoyage Automobile,Neuf,"Guediawaye,Dakar",5000,https://i.roamcdn.net/hz/ed/listing-thumb-224w/a006704035f758b0ce1fb91bb214304d/-/horizon-files-prod/ed/picture/q785q2gq/65e8a26c0aabb65620d18b30f7e8cdbb00f9f334.jpg
Blutooth casque moto,Neuf,"Grand-Yoff,Dakar",27500,https://i.roamcdn.net/hz/ed/listing-thumb-224w/4546ac673c646500c8b6209cbb742610/-/horizon-files-prod/ed/picture/q2jqv6x6/9eb687e50c92ab6985e618cbfdd1583a9589d307.jpg
Gps+installation SAV 24/24 garantie 1 ans,Neuf,"M√©dina,Dakar",45000,https://i.roamcdn.net/hz/ed/listing-thumb-224w/ce6f254e5a9889903dec5b53bbe99dc2/-/horizon-files-prod/ed/picture/qv4erj8k/68bcd3d827eb5dc7ba2625a54cf39adc264b765f.jpg
Gps+installation SAV 24/24 garantie 1 ans,Neuf,"M√©dina,Dakar",45000,https://i.roamcdn.net/hz/ed/listing-thumb-224w/62a6403e3fd901fcd517d35a8a30fd86/-/horizon-files-prod/ed/picture/q6xkwjpn/eb666a7d96fdcbfafc20a5bf790e0f7018e2ad87.jpg
Tapis de voiture GoodYear (4 pi√®ces),Neuf,"Plateau,Dakar",70000,https://i.roamcdn.net/hz/ed/listing-thumb-224w/040bc6fc391251a114ee451f337662a2/-/horizon-files-prod/ed/picture/qj4rgdde/2f9f0bee1d3a2c0e912a4fdd90cbef64e146b47d.png
RADIO √âCRAN,Neuf,"Plateau,Dakar",1,https://i.roamcdn.net/hz/ed/listing-thumb-224w/a4ffc0a1794f25e1ff0045980e383b58/-/horizon-files-prod/ed/picture/q0ggjek6/d9a7b05cc82afbb86021b42c738b7f29344d792c.jpg
RADIO √âCRAN,Neuf,"Plateau,Dakar",140000,https://i.roamcdn.net/hz/ed/listing-thumb-224w/9e037505ff2466f31ffbd783c76c102a/-/horizon-files-prod/ed/picture/qnggrxnv/b222ec07a9a800eb579e0bf34655d7ab8de74df7.jpg
Agrafe auto 330pcs,Neuf,"M√©dina,Dakar",18000,https://i.roamcdn.net/hz/ed/listing-thumb-224w/2d63c87058c19f2b7ccf354dc1a13cbb/-/horizon-files-prod/ed/picture/qrzvwr88/370a33cca67b4590fa60569fadc9c0eb7cb52d64.jpg
Agrafe auto 625pcs,Neuf,"M√©dina,Dakar",26000,https://i.roamcdn.net/hz/ed/listing-thumb-224w/432a4a349f75266cc2cae9341c89a875/-/horizon-files-prod/ed/picture/q8v58m4z/84a730b16edef8ac055d8fdd863a9bcd064ea972.jpg
Agrafe auto 635pcs,Neuf,"M√©dina,Dakar",27000,https://i.roamcdn.net/hz/ed/listing-thumb-224w/b812af2616ecf225f97083fa8849ef9b/-/horizon-files-prod/ed/picture/qwe2xrpm/6ef925f662198d42518c5a5ea1efaab4d856874a.jpg
Agrafe auto 240pcs,Neuf,"M√©dina,Dakar",15000,https://i.roamcdn.net/hz/ed/listing-thumb-224w/86ced8f47ebbdf9ebab956c08ef99edf/-/horizon-files-prod/ed/picture/qngxv9xr/65a7de3483baa722356d648ac6efe876d198769a.jpg
Agrafe auto 425pcs,Neuf,"M√©dina,Dakar",20000,https://i.roamcdn.net/hz/ed/listing-thumb-224w/6d7a23c154a2730f6bc6d0a96cfb2099/-/horizon-files-prod/ed/picture/q9m9zk9p/14cf1f051d60416352ab0f47c53213ccef07d110.jpg
Agrafe auto 180pcs,Neuf,"M√©dina,Dakar",18000,https://i.roamcdn.net/hz/ed/listing-thumb-224w/cde3472de71442a6c0c21a032e6f87fe/-/horizon-files-prod/ed/picture/qv4erde8/bca9c8eedf139434c0810d4977ae55a07dc45bb8.jpg
Agrafe auto 100pcs,Neuf,"M√©dina,Dakar",10000,https://i.roamcdn.net/hz/ed/listing-thumb-224w/1b70809b565f00aacebe2c95ace565d7/-/horizon-files-prod/ed/picture/qzvdk8dk/3a0ab037254b8f0738ce7917cc4c3b18a709bbf2.jpg
Agrafe auto 415pcs,Neuf,"M√©dina,Dakar",20000,https://i.roamcdn.net/hz/ed/listing-thumb-224w/e782040bd3754dfefb9b21533b4637ce/-/horizon-files-prod/ed/picture/q56xnpx2/86f8f7f249a658b55f72e0662c555f923b464a15.jpg
Agrafe auto 435pcs,Neuf,"M√©dina,Dakar",24000,https://i.roamcdn.net/hz/ed/listing-thumb-224w/203a659167431628e2b1d97e56129fab/-/horizon-files-prod/ed/picture/qgq9rm94/97afd19e78ac705526c96518e61d5335951cc074.jpg
Si√®ge Auto BB et booster enfant,Neuf,"Hann maristes,Dakar",65000,https://i.roamcdn.net/hz/ed/listing-thumb-224w/24db8bc6320f68042c7df4162eef3dac/-/horizon-files-prod/ed/picture/qwe209rd/306707dbebbc02794c5d7868e9fa1f6e32080c87.jpg
Filtre huile et gasoil Renault dxi,Neuf,"Nord foire,Dakar",60000,https://i.roamcdn.net/hz/ed/listing-thumb-224w/4697ebe82199cc629ece3798f697473e/-/horizon-files-prod/ed/picture/q2jqvred/b102f7e60da3c9b95e9e8a447476adf30f8a7d14.jpg
Antivols alarme scooter/motos,Neuf,"M√©dina,Dakar",8000,https://i.roamcdn.net/hz/ed/listing-thumb-224w/3926e9cfa15ac7fe255bc12530cf6ca9/-/horizon-files-prod/ed/picture/q2jqvjvk/19f6a88a2f4bb136b260e42d9e33f558c5b0cfcc.jpg
Antivols auto,Neuf,"M√©dina,Dakar",15000,https://i.roamcdn.net/hz/ed/listing-thumb-224w/1bdab1bc5f8a65e268aca9e56e2ca021/-/horizon-files-prod/ed/picture/qkrgkrk5/036bd989f24edd1095f1426176407a6e0144c520.jpg
Antivols Auto,Neuf,"M√©dina,Dakar",15000,https://i.roamcdn.net/hz/ed/listing-thumb-224w/f5b1488097a4cd0d381c17099e91b828/-/horizon-files-prod/ed/picture/qm5p757m/15c87861d758cff7a6183992de409482d8271abe.jpg
R√©frig√©rateur Auto 7L,Neuf,"M√©dina,Dakar",25000,https://i.roamcdn.net/hz/ed/listing-thumb-224w/2aa440c7ff45a55391e9765b83078694/-/horizon-files-prod/ed/picture/q44894wz/047ca68730ea4c529b093e9fcb9a464932b8925c.jpg
Pistolet Nettoyeur Haute Pression 40 bar,Neuf,"M√©dina,Dakar",35000,https://i.roamcdn.net/hz/ed/listing-thumb-224w/3b691f4205b01e6fc34cc5e67b82e84b/-/horizon-files-prod/ed/picture/qwe2xe06/72b789289af9d34139adec359b81ac9cf19f7981.jpg
Pistolet Nettoyeur Haute Pression 40 bar,Neuf,"M√©dina,Dakar",45000,https://i.roamcdn.net/hz/ed/listing-thumb-224w/72bee4c10d350432bc4a819c8621e86e/-/horizon-files-prod/ed/picture/qxj2mjn4/da247a1a2b6b83785515b19d2c2792d51e00fcf0.jpg
Batterie auto,Neuf,"Plateau,Dakar",75000,https://i.roamcdn.net/hz/ed/listing-thumb-224w/3c912123d1867b21811d50df970b6ff5/-/horizon-files-prod/ed/picture/qxj2mjpw/13495fec8d6131512417e0a6762de1b01dde2794.jpg
Batterie auto AGM,Neuf,"Plateau,Dakar",100000,https://i.roamcdn.net/hz/ed/listing-thumb-224w/d1a894314eca92cfd172b93cbc435b38/-/horizon-files-prod/ed/picture/qj4rg464/39e34c0157b4f80c15c34dcf8d6795cfb9059e8b.jpg
Batterie auto garentie 12mois,Neuf,"Plateau,Dakar",45000,https://i.roamcdn.net/hz/ed/listing-thumb-224w/73deac5c470e8ad9807be4570808a07e/-/horizon-files-prod/ed/picture/q2jqvjq2/96ff116ea415950fa6ed779e6274f274ed9f14c0.jpg
Batterie auto,Neuf,"Plateau,Dakar",45000,https://i.roamcdn.net/hz/ed/listing-thumb-224w/905dc4c27748115704be3a2d8ebd47ad/-/horizon-files-prod/ed/picture/qngxvgpg/c9d83a067a81364e21a7e38d314eee32c80ad83b.jpg
Battery üîã pour Kele v√®hicules,Neuf,"Dieuppeul,Dakar",2500,https://i.roamcdn.net/hz/ed/listing-thumb-224w/8ec016f0835247ba9563b8d248062096/-/horizon-files-prod/ed/picture/qw06p7j/ae3da025b665f27c878341ba93a39216b3ec5dc3.jpg
- Casque Haut de Gamme Shoei,Neuf,"Hann maristes,Dakar",95000,https://i.roamcdn.net/hz/ed/listing-thumb-224w/c2bcc218c641e84ba45fd3b0f6bd3c5e/-/horizon-files-prod/ed/picture/qgq9pe02/755c445e8692ea481b4a3914ba19c35f09b1c757.jpg
Tapis de Sol Voitures,Neuf,"Hann maristes,Dakar",35000,https://i.roamcdn.net/hz/ed/listing-thumb-224w/e20de08facaeedabc832ffdc3d7f387b/-/horizon-files-prod/ed/picture/q7854x9g/a5a7b5449f5c943a30daffe5cf4e88a00ae22378.jpg
SI√àGE Auto,Neuf,"Hann maristes,Dakar",80000,https://i.roamcdn.net/hz/ed/listing-thumb-224w/6ca19c93a11df9930105215a8ae59c8d/-/horizon-files-prod/ed/picture/qrzvkqm5/b70b71f86252990f751994ebe5b6d9a69159c28f.jpg
Chaussure moto - Shima SX-2 EVO (45),Neuf,"Hann maristes,Dakar",110000,https://i.roamcdn.net/hz/ed/listing-thumb-224w/f09dff1a6e81aa9f5d21550820a54e71/-/horizon-files-prod/ed/picture/q6xk2qv6/6aaf0daa93691d6a1d56787d6ae8937772db3a33.jpg
Radio √©cran digital automobile syst√®me Android,Neuf,"Hann maristes,Dakar",145000,https://i.roamcdn.net/hz/ed/listing-thumb-224w/43161bb146e8b29ce9a7f1e759c17a29/-/horizon-files-prod/ed/picture/q7882g6x/19794b7e52f380f825bcdc424ced6ac11397bfd9.jpg
B√¢ches Auto,Neuf,"Hann maristes,Dakar",25000,https://i.roamcdn.net/hz/ed/listing-thumb-224w/ad844944dee077be2d4aff1344a34b67/-/horizon-files-prod/ed/picture/q8v5gx9r/97adb1e8fa08012ba8e5a4ba80d2b819a01ee984.jpg
Veste Moto - Furygan Atom Vented EVO,Neuf,"Hann maristes,Dakar",130000,https://i.roamcdn.net/hz/ed/listing-thumb-224w/e94e859e1b5667bedd3a75013bbacfd2/-/horizon-files-prod/ed/picture/qxj2n6d0/93319dc442ba7e303ac76b52e664a1837e611cbd.jpg
Casque moto LS2 FF327 Challenger Solid,Neuf,"Hann maristes,Dakar",150000,https://i.roamcdn.net/hz/ed/listing-thumb-224w/8256147961313da4449a68aa6cd04949/-/horizon-files-prod/ed/picture/q56x2wdr/4627847d15ac364694072767ebc969ca14eb2bbe.jpg
Oxford - Sac de jambe pour moto,Neuf,"Hann maristes,Dakar",25000,https://i.roamcdn.net/hz/ed/listing-thumb-224w/101a279e1973bc2c3dc938881eabcafc/-/horizon-files-prod/ed/picture/qwe20w25/6e8da3db4fc191c17c29d1c3f907c34937aed9bf.jpg
Gear Shifter - Prot√®ge chaussure,Neuf,"Hann maristes,Dakar",13000,https://i.roamcdn.net/hz/ed/listing-thumb-224w/9d1bfab945bfa5d0a3c5d1ccbb3ca524/-/horizon-files-prod/ed/picture/qv4evzp8/93879382250e4bf6dac0491d2a92c5eba89446a2.jpg
Brembo - Plaquette frein avant R1200 GS - R1200 RT,Neuf,"Hann maristes,Dakar",45000,https://i.roamcdn.net/hz/ed/listing-thumb-224w/13da5bfa8d3aea4645fc3ce9d9ba2c7c/-/horizon-files-prod/ed/picture/q2jq9grd/87109827c588b988733980f607e04c3fa42c2e6f.jpg
Brembo - Plaquette frein arriere R 1200 GS - RT 1200,Neuf,"Hann maristes,Dakar",35000,https://i.roamcdn.net/hz/ed/listing-thumb-224w/71e10792a36511236518b213a19975da/-/horizon-files-prod/ed/picture/qkrgn05x/9115c84fa0f70f01893cb6fd8838b7c3415f3f97.jpg
Bougie Allumage NGK Laser Iridium KTM 790 R,Neuf,"Hann maristes,Dakar",25000,https://i.roamcdn.net/hz/ed/listing-thumb-224w/37275363f170f3870d9e769b76dbe705/-/horizon-files-prod/ed/picture/q448wpd8/7bdf05e6e39e08959026bbe0431f59bade1a6566.jpg
Bougie NGK Iridium Tracer 700 - Mt07,Neuf,"Hann maristes,Dakar",23000,https://i.roamcdn.net/hz/ed/listing-thumb-224w/47da7e40cd277da22bdea554b3efc008/-/horizon-files-prod/ed/picture/q7854g8z/47d42bbaaefba8c1c0c7df88b47484a35c2ed13b.jpg
Kit Transmission Honda X-ADV 750,Neuf,"Hann maristes,Dakar",160000,https://i.roamcdn.net/hz/ed/listing-thumb-224w/4befa948a2810494d970a05fe3c51bcd/-/horizon-files-prod/ed/picture/qkrgn0rx/c677b92230f970d9d4a937eda1d6ec5f91461467.jpg
Kit Transmission ‚Äì Yamaha MT-07 Tracer 700,Neuf,"Hann maristes,Dakar",170000,https://i.roamcdn.net/hz/ed/listing-thumb-224w/658f236402d5b3278f2cec3c54572324/-/horizon-files-prod/ed/picture/q8v5rgvz/b9f1eccb173dd1bfda38e5217cbba5a410d8de02.jpg
IPONE ‚Äì Graisse de Cha√Æne X-Trem Chain Road,Neuf,"Hann maristes,Dakar",25000,https://i.roamcdn.net/hz/ed/listing-thumb-224w/cbd120ab62166ed1aa275b2ce0c587ef/-/horizon-files-prod/ed/picture/qpd6r8d2/af93a5b1a620cc653f37db9767fd5a59c2903fed.jpg
Batterie Gel Fubalt BMW R 1200 Original,Neuf,"Hann maristes,Dakar",50000,https://i.roamcdn.net/hz/ed/listing-thumb-224w/2a9e3c7f969e71de73d1cbf87fb822f5/-/horizon-files-prod/ed/picture/qngx8w5r/2d2e3531663f3733bdc4c3325b89f7372c7c3c2f.jpg
Batterie Yuasa original BMW R1200,Neuf,"Hann maristes,Dakar",70000,https://i.roamcdn.net/hz/ed/listing-thumb-224w/93be66e49a5b320e045335754aa8cf43/-/horizon-files-prod/ed/picture/qv4evzm8/41c47359b87424afb1d6a3dba8412e8dd51a98e7.jpg
Veste moto Borleni - 4 saisons,Neuf,"Hann maristes,Dakar",110000,https://i.roamcdn.net/hz/ed/listing-thumb-224w/ef2122f190ffbf13eb7f9ae79571e152/-/horizon-files-prod/ed/picture/q9m9xnpp/0cfdfeeb3c351bc2735bafd510317f24a2bf0353.jpg
Cha√Æne Moto - DID 525VX3,Neuf,"Hann maristes,Dakar",110000,https://i.roamcdn.net/hz/ed/listing-thumb-224w/75aca6022abe0f4cf6994f0b029ccb49/-/horizon-files-prod/ed/picture/q8v52dm7/57e6faf9ee576962e97706152c7d7085aeb53ca3.jpg
Moteur de voiture,Neuf,"Guediawaye,Dakar",1,https://i.roamcdn.net/hz/ed/listing-thumb-224w/1f5662143f62c0f80437f4d3d5808388/-/horizon-files-prod/ed/picture/q448w6x2/edd0d8f6ef083506259a354efdcee14764e4128a.jpg
Casque moto,Neuf,"Guediawaye,Dakar",30000,https://i.roamcdn.net/hz/ed/listing-thumb-224w/f669684907c11eeadf6efb9bc1d6944f/-/horizon-files-prod/ed/picture/qdekm28r/2052945e6e8760b41bcb7d196616bc375ca70bc7.jpg
Radio √âcran Digital,Neuf,"Plateau,Dakar",145000,https://i.roamcdn.net/hz/ed/listing-thumb-224w/9f544cceb48199326b31bfe5ed04d98c/-/horizon-files-prod/ed/picture/qrzvmne8/680ed802af9bbf55fc0ee15e70dd16fbd6f9c8b3.jpg
Pare-brises Auto,Neuf,"Plateau,Dakar",50000,https://i.roamcdn.net/hz/ed/listing-thumb-224w/89d7c4b8f7744d092f35c6e428e7da65/-/horizon-files-prod/ed/picture/migrated/qp00r7v/0ad0f217c397f6c1ad153f5240378ae0d0b21f23.jpg
Plaquette frein Citroen DS5,Neuf,"Dalifort,Dakar",30000,https://i.roamcdn.net/hz/ed/listing-thumb-224w/aa411cc153b465ec5b51871c36be205a/-/horizon-files-prod/ed/picture/q78500nj/3b0bed3126449856aa9ed34090dcf48d22f7eff7.jpg
Duplication Programmation De Cl√©s De Voiture,Neuf,"Grand-Yoff,Dakar",70000,https://i.roamcdn.net/hz/ed/listing-thumb-224w/53e3d2ec01469feb176df45b816c0212/-/horizon-files-prod/ed/picture/q0gwvwdw/751151c71948dee15e9b38ad9c54525d535a41a4.png
Protege Cl√© De Voiture Silicone,Neuf,"Grand-Yoff,Dakar",15000,https://i.roamcdn.net/hz/ed/listing-thumb-224w/469fd143a02adf82c871de1b25acf95c/-/horizon-files-prod/ed/picture/qgq979dk/c012265713629762483fe3cca3ad0e45c5001382.jpg
RADIO √âCRAN ANDROID,Neuf,"Plateau,Dakar",145000,https://i.roamcdn.net/hz/ed/listing-thumb-224w/e84f17bcc25d7a5f23f7d880d71aebdd/-/horizon-files-prod/ed/picture/q448p5d2/d879b13bab3e5df2fc0b2246e1a2d5be1d66349f.jpg
Compresseur d‚Äôair portable Auto Moto,Neuf,"Grand-Dakar,Dakar",35000,https://i.roamcdn.net/hz/ed/listing-thumb-224w/42da9c7110fe5115ea2384a2ac91bfea/-/horizon-files-prod/ed/picture/qngx8dgw/8c8d1a64aa11fdcbd7a729ddcce5950626bd22a9.png
Casque Moto LS2 Valiant 2,Neuf,"Grand-Yoff,Dakar",170000,https://i.roamcdn.net/hz/ed/listing-thumb-224w/894f500d86886fd1d395bb2bb34c822a/-/horizon-files-prod/ed/picture/qdekmew8/b20d663db986ce813cefaace33e8a587c0f1c4cb.jpg
Casque Moto PROOF menton d√©montable,Neuf,"Grand-Yoff,Dakar",60000,https://i.roamcdn.net/hz/ed/listing-thumb-224w/170293664226dd6c5b8f91862063c162/-/horizon-files-prod/ed/picture/qzvdqn2v/a3d01101212db905dde9b40cba5e519c686b2b5c.jpg
Autoradio √âcran Android,Neuf,"Plateau,Dakar",145000,https://i.roamcdn.net/hz/ed/listing-thumb-224w/2c6fb47015fba5f8685a104e3373a4c1/-/horizon-files-prod/ed/picture/qenqm05d/33144486a81d56058170a80adde59036c35eddb1.jpg
AutoRadio √âcran Android,Neuf,"Plateau,Dakar",145000,https://i.roamcdn.net/hz/ed/listing-thumb-224w/099f956f8bad2563927f171cafcdcb94/-/horizon-files-prod/ed/picture/q8v52evn/92d29bb31a6a0137d4a7c841cefc9752ad2473c1.jpg
"BATTERIES AUTO NEUFS 60, 75 , 175, 200 MPR",Neuf,"Pikine,Dakar",1,https://i.roamcdn.net/hz/ed/listing-thumb-224w/35adf3411f8c5a1519a28ba6b5a6868b/-/horizon-files-prod/ed/picture/qwez79q0/54294f8c60451975e65d6664c6654f92a05f5bc1.jpg
PNEUS pour toutes cat√©gories de voitures,Neuf,"Pikine,Dakar",1,https://i.roamcdn.net/hz/ed/listing-thumb-224w/24c22007dd5051f523e0fc85bdb64eb7/-/horizon-files-prod/ed/picture/qpdwe5kw/85aa8e6c92ad89a3f9343cad7e1e7c221ba89594.jpg
"Colle moteur, verre et aluminium",Neuf,"Pikine,Dakar",28000,https://i.roamcdn.net/hz/ed/listing-thumb-224w/9a683329cd91be61d5725ed67a82e13f/-/horizon-files-prod/ed/picture/q785m0pd/f588b92c2fa1561d270512516fd3f0d9e250fa71.jpg
Batterie auto,Neuf,"Hann maristes,Dakar",45000,https://i.roamcdn.net/hz/ed/listing-thumb-224w/0beb19100a05355fb150734df98d9b32/-/horizon-files-prod/ed/picture/qwe297dz/f33920b9c2356a5c77f79c56f0eab963756a9fc0.jpg
Coque cl√© chevrolet,Neuf,"Hann maristes,Dakar",12900,https://i.roamcdn.net/hz/ed/listing-thumb-224w/16d378678c7df0cf2d20344b70070bdc/-/horizon-files-prod/ed/picture/q2jq26e2/9b7c24798ff7a8e1b45c3dfe988896e5931d49db.jpg
Gilet de protection pour moto,Neuf,"Hann maristes,Dakar",29000,https://i.roamcdn.net/hz/ed/listing-thumb-224w/8ce5febc099a271b2a2069cf0f27ea04/-/horizon-files-prod/ed/picture/qgq9ken8/7a1fc1c3abcabc450b921c420a0074c705fe3b2d.jpg
CRIC √âLECTRIQUE DE VOITURES,Neuf,"Hann maristes,Dakar",90000,https://i.roamcdn.net/hz/ed/listing-thumb-224w/661ab618608570a9333d49fe71c4f6fd/-/horizon-files-prod/ed/picture/qkrgq50w/b2652657fa10fd92731e4135380ef385fc3a2987.jpg
√âTUI DE CL√âS POUR VOITURES,Neuf,"Hann maristes,Dakar",12000,https://i.roamcdn.net/hz/ed/listing-thumb-224w/8b8126e326eff13d081ec6bdde0c2da6/-/horizon-files-prod/ed/picture/q8v5dzgr/a7369f3097ae7f9c0b6de51855a8564e301ae220.jpg
Support t√©l√©phone pour moto,Neuf,"Hann maristes,Dakar",7000,https://i.roamcdn.net/hz/ed/listing-thumb-224w/1cf9c46f9f03dfb0fe5a7f09b8568a80/-/horizon-files-prod/ed/picture/qgq9kewe/fd611ef247d29b5158fb20f46f79154b85a344e9.jpg
Casque moto,Neuf,"Hann maristes,Dakar",25000,https://i.roamcdn.net/hz/ed/listing-thumb-224w/3611328abc24b8e49fdafff1cac0b629/-/horizon-files-prod/ed/picture/qxj2nv2m/4e0aadb2d3ba24ba86186d27c55caad9c924edc9.jpg
Casque moto original,Neuf,"Hann maristes,Dakar",49,https://i.roamcdn.net/hz/ed/listing-thumb-224w/a2e03ef754cf58fab72239810df27e8b/-/horizon-files-prod/ed/picture/q8v52w5x/b4ae1d1ab746800ec8f25db6881c5771f30968b3.jpg
Pneu et jantes,Neuf,"Plateau,Dakar",1,https://i.roamcdn.net/hz/ed/listing-thumb-224w/f47dd5352a0a0ac43f467e5defde02c1/-/horizon-files-prod/ed/picture/q0gwxpmk/0fc3151f307285056b30ed3a5d5caa5dacd0a603.jpg
R√©paration et vente d'injecteurs de tous types,Neuf,"Ouakam,Dakar",60,https://i.roamcdn.net/hz/ed/listing-thumb-224w/86d3186b9105a00564887146c4d8b607/-/horizon-files-prod/ed/picture/qrzv0wj4/9e90c109be69c459a939f72fd52bd99de1645ffa.jpg
Support t√©l√©phone voiture,Neuf,"Hann maristes,Dakar",6000,https://i.roamcdn.net/hz/ed/listing-thumb-224w/f1715f78e9aaf5cd5f30a25fe62998ef/-/horizon-files-prod/ed/picture/qwe29z4g/5b1ad61cdb0ea8bab38ad92bfa36bde6d7ee1d25.jpg
launch creader 3008 nouveau mod√®le,Neuf,"Yoff,Dakar",70000,https://i.roamcdn.net/hz/ed/listing-thumb-224w/7ffe1884f4a46b990dbe6b8b07257283/-/horizon-files-prod/ed/picture/q2jq22dq/8cac97045ef1b8264ccc1e27dfe7649363d2c257.jpg
diagzone 2 ans voiture camion moto engin bus 46 reset,Neuf,"Yoff,Dakar",220000,https://i.roamcdn.net/hz/ed/listing-thumb-224w/dd9b02505a433829d9f8745672f2c85a/-/horizon-files-prod/ed/picture/qwe299j0/79017cba93b8acaf5f89dee77b337e759200d689.jpg
Diag box sp√©cialis√©e Peugeot et Citro√´n,Neuf,"Yoff,Dakar",80000,https://i.roamcdn.net/hz/ed/listing-thumb-224w/d416490c577627c313f589bab323fb4b/-/horizon-files-prod/ed/picture/q8d279r/7c2e9a97fcb745121b1618f8aa91edcfb22d6db7.jpg
apareil diagnostic toute marque de voiture v 309,Neuf,"Yoff,Dakar",20000,https://i.roamcdn.net/hz/ed/listing-thumb-224w/ebc45dbf3ce3b281d0147da7a723c242/-/horizon-files-prod/ed/picture/q0gw9mkz/6b706bc37d7f1c836985a7e708966d2b8a36e9e5.jpg
IM608 Pro Diag Programmation Cl√© et ECU XP400 Pro et J2534,Neuf,"Yoff,Dakar",1800000,https://i.roamcdn.net/hz/ed/listing-thumb-224w/131795dd85ab7312b60256c354608a76/-/horizon-files-prod/ed/picture/qj44w66d/4ce5a25b764eafb9d5fe1c40dadaf4023f097e51.jpg
autocom nouvelles versions 2021.23 voiture et camion,Neuf,"Yoff,Dakar",75000,https://i.roamcdn.net/hz/ed/listing-thumb-224w/5048ace23770d065c5834d9b83a02838/-/horizon-files-prod/ed/picture/qrzv6rn5/49a2ca7e7e93ffe065c519e6b90911ecf88fad88.jpg
Autel KM 100 . 2022 g√©n√©rateur cles universel,Neuf,"Yoff,Dakar",430000,https://i.roamcdn.net/hz/ed/listing-thumb-224w/f54f0574da632802d4c847a5d0740782/-/horizon-files-prod/ed/picture/q0rpz48/7058457d7a210558af93af1ac1f206a9559e0890.jpg
launch tablette 123 x,Neuf,"Yoff,Dakar",175000,https://i.roamcdn.net/hz/ed/listing-thumb-224w/fee72c4d47d8f80f9b9cd9095ddc1cd8/-/horizon-files-prod/ed/picture/qx7km70/c801b33f1112eaefcf0c3c004e5b027ebd80cffa.jpg
autel mk 808 S 2023 diagnostic voiture toute marque,Neuf,"Yoff,Dakar",450000,https://i.roamcdn.net/hz/ed/listing-thumb-224w/d6a5442e557aa3c254c70ff7e6646185/-/horizon-files-prod/ed/picture/q8vzrek9/493193d7131efec2e83d392f4f5b6eacab5bb857.jpg
OTOFIX Watch Smart Key Watch 3 en 1 Portable Smart Key,Neuf,"Yoff,Dakar",85000,https://i.roamcdn.net/hz/ed/listing-thumb-224w/1941c8d09a1c938c2ba015cdfc429457/-/horizon-files-prod/ed/picture/qv4e5665/1612f27c57a4aa6f313377892ae00242a578d408.jpg
thinkdiag full marque et full fonction,Neuf,"Ngor,Dakar",85000,https://i.roamcdn.net/hz/ed/listing-thumb-224w/6f29e2fa959814a6199b234861d97260/-/horizon-files-prod/ed/picture/q49nk7m/3f9c3c00e18eafd5ef10d3982df48860ab6c522f.jpg
Parasoleil,Neuf,"Hann maristes,Dakar",5000,https://i.roamcdn.net/hz/ed/listing-thumb-224w/a438705d53d1a39765a45cf02c8966a1/-/horizon-files-prod/ed/picture/q9m922j0/52a5adbe6686c328899b7dd7edbf7409d345531c.jpg
Abel Nettoyant Phare,Neuf,"Guediawaye,Dakar",5000,https://i.roamcdn.net/hz/ed/listing-thumb-224w/80df3eac12da62a29d5ffaf46a353501/-/horizon-files-prod/ed/picture/qj4rd2kv/7123ff64ae797d0e3b2d37be6f5fa530739881e0.jpg
B√¢che moto,Neuf,"Hann maristes,Dakar",8000,https://i.roamcdn.net/hz/ed/listing-thumb-224w/84737749c38afcfb46af49f70f579ebd/-/horizon-files-prod/ed/picture/qzvdqjk9/eaf2bac2763049d370b9d5ff04b3325684f62f70.jpg
Kit Bluetooth pour casque moto,Neuf,"Hann maristes,Dakar",25000,https://i.roamcdn.net/hz/ed/listing-thumb-224w/e1a1907870f05d81833a9727fd8cd1ad/-/horizon-files-prod/ed/picture/q4482r7e/3d7711b81e9a1ff7f30dd4122037c4f33a1c5052.jpg
Support t√©l√©phone pour moto et velo,Neuf,"Hann maristes,Dakar",6000,https://i.roamcdn.net/hz/ed/listing-thumb-224w/6e4dcc493ca48e6ac234e109bbf53f6c/-/horizon-files-prod/ed/picture/q8v52knj/1c10d35b01ab4e6829d61756e17a0b9836428647.jpg
Scanner OBDII Outil de diagnostic voitures wifi ELM327,Neuf,"Patte d‚Äòoie,Dakar",10000,https://i.roamcdn.net/hz/ed/listing-thumb-224w/033a5fb4ecee53e47533085de7ee1933/-/horizon-files-prod/ed/picture/qv4e0d28/f1f4bd47ef4622838565ce8839a219ac2b086477.jpg
Casque moto modulaire,Neuf,"Hann maristes,Dakar",29000,https://i.roamcdn.net/hz/ed/listing-thumb-224w/a2732bd0f5b9fa92d784cde8913aa5b2/-/horizon-files-prod/ed/picture/q8v52mjx/c6bb356fc592ff9abcb89e09ed2c301a0f08c074.jpg
Syst√®me verrouillage auto avec alarme antivol,Neuf,"Hann maristes,Dakar",18000,https://i.roamcdn.net/hz/ed/listing-thumb-224w/3f3b955465668b5fa2381e72551cf6fa/-/horizon-files-prod/ed/picture/qq47kzmv/b4bc22e06c7aa8e4320693986ef514db8af76778.jpg
Vase d'eau ford,Neuf,"Hann maristes,Dakar",25000,https://i.roamcdn.net/hz/ed/listing-thumb-224w/d86933b97e831ac03e6fc630377a3226/-/horizon-files-prod/ed/picture/qrzvkqe5/2447a8d3d57e7ca53d470b8aa60c8ec491c3b6a2.jpg
Couvre volant et bo√Æte √† mouchoir strage,Neuf,"Hann maristes,Dakar",25000,https://i.roamcdn.net/hz/ed/listing-thumb-224w/3be8cd9b71bcad77aaca7cb8f4247977/-/horizon-files-prod/ed/picture/qm5pkre9/8b4d8ce2f8a1797035d241f6f5a16a4a46411352.jpg
Bougie Ford,Neuf,"Hann maristes,Dakar",16000,https://i.roamcdn.net/hz/ed/listing-thumb-224w/eb81e9d2f92038bbd1f052a509b6dc84/-/horizon-files-prod/ed/picture/qkrgd5en/931b8cf245b72226664aa5d4c991e7ea8411eb51.jpg
Bougie Kia / Hyundai,Neuf,"Hann maristes,Dakar",16000,https://i.roamcdn.net/hz/ed/listing-thumb-224w/298a77240aff0426c0476209da1ef739/-/horizon-files-prod/ed/picture/q4482dkp/fc7a62e9440e247472bc9eb1bac6ee6fafa9f64a.png
Venox anti √©gratignures,Neuf,"Hann maristes,Dakar",6000,https://i.roamcdn.net/hz/ed/listing-thumb-224w/896ecee7627761bc3d2c8ad4e9285122/-/horizon-files-prod/ed/picture/q6xk26p4/634519477be22fb156a0191fea2cdeaa7fef9400.jpg
Huile moteur 5w30,Neuf,"Hann maristes,Dakar",20000,https://i.roamcdn.net/hz/ed/listing-thumb-224w/85e1818189660b70de579a0cdb3619bc/-/horizon-files-prod/ed/picture/q56x24z0/597ea56a01cdae22af2590c9b847791e850ebc41.jpg
Housse auto,Neuf,"Hann maristes,Dakar",45000,https://i.roamcdn.net/hz/ed/listing-thumb-224w/2951c5da41390c8e8353d77690ba8899/-/horizon-files-prod/ed/picture/qenqm559/4abf0add49966ed6f7c08c47880ccd24addb068d.jpg
Casque moto,Neuf,"Hann maristes,Dakar",35000,https://i.roamcdn.net/hz/ed/listing-thumb-224w/5c5d51b7dc283f3e36d7ce0e7841eff6/-/horizon-files-prod/ed/picture/qngxkdgk/0d781993a6d8c158c4c16ed687f21e665a532d06.jpg
Casque moto,Neuf,"Hann maristes,Dakar",39000,https://i.roamcdn.net/hz/ed/listing-thumb-224w/b17b61e96d88304a2d00e4b369a5a5f6/-/horizon-files-prod/ed/picture/qenqm5n9/50729ba307049d5e801a6747743f2c76941b2fdd.jpg
Gilet protection Motard,Neuf,"Grand-Yoff,Dakar",37000,https://i.roamcdn.net/hz/ed/listing-thumb-224w/2b4e84f94669e8b6e283e49f664d5b8a/-/horizon-files-prod/ed/picture/qngxk5pv/3ea31dc92db347788cb86d39fc223f6a6d7f59af.jpg
Veste Protection Motard,Neuf,"Grand-Yoff,Dakar",85000,https://i.roamcdn.net/hz/ed/listing-thumb-224w/4abfbefbcc0f4026e8e5e3d2330fc1ac/-/horizon-files-prod/ed/picture/qgq9k5mq/f898c62e6ac1d5cda12580fcb0da7e7de46093c4.jpg
Malette moto Topcase,Neuf,"Grand-Yoff,Dakar",150000,https://i.roamcdn.net/hz/ed/listing-thumb-224w/7d92b32f0f24736edb3e76480e7642cf/-/horizon-files-prod/ed/picture/q6xkm5kj/8e833df0560d93b04ba0280cf4ec0e9687f02d6d.jpg
Nettoyant catalyseur (DPF Cleaner),Neuf,"Mermoz,Dakar",10000,https://i.roamcdn.net/hz/ed/listing-thumb-224w/9dd87bbb1b050a54a74c37575b8086b0/-/horizon-files-prod/ed/picture/qenqjg9z/f3eb0c753cd61971c7d2cbc4de799937806a43b0.jpg
Nettoyant injecteur,Neuf,"Mermoz,Dakar",5000,https://i.roamcdn.net/hz/ed/listing-thumb-224w/dac62a4c0d9a6926a91bb501d7b53974/-/horizon-files-prod/ed/picture/qdekjx0j/fa2a6c2b82a795a3649c16dc947bedf5ddaca675.jpg
Vente de pi√®ces d√©tach√©s,Neuf,"M√©dina,Dakar",30000,https://i.roamcdn.net/hz/ed/listing-thumb-224w/1d902833ae5582a486380cecc4ccb0f1/-/horizon-files-prod/ed/picture/q8v5xjjx/469d2407ba863b9926972d2e2132adab9415028c.jpg
Ventes de Pieces D√©tach√©es,Neuf,"M√©dina,Dakar",30000,https://i.roamcdn.net/hz/ed/listing-thumb-224w/32da9a7c147c8305ac2b4bdc689e8fc5/-/horizon-files-prod/ed/picture/q8v5xjw0/46022aa521b6d3dde1a3d37d0b82d14a1df54b7f.jpg
R√©troviseurs avec Cam√©ra avant et arri√®re,Neuf,"Hann maristes,Dakar",35000,https://i.roamcdn.net/hz/ed/listing-thumb-224w/a3224657449ff5059e17726ccd9bd7bc/-/horizon-files-prod/ed/picture/q9mm677p/3024278522e44be4856832e8cb8553fe85a85383.jpg
Autoradio tactile 7 pouces universel multifonction,Neuf,"Parcelles Assainies,Dakar",35000,https://i.roamcdn.net/hz/ed/listing-thumb-224w/154c79d092bb5d0db3ef25f4bcba7792/-/horizon-files-prod/ed/picture/qvqv6w2/52ac7885a5cce854e62d3df1d54a8d3c84aefadf.jpg
Gyrophare √† vendre pour les campagnes,Neuf,"Parcelles Assainies,Dakar",50000,https://i.roamcdn.net/hz/ed/listing-thumb-224w/57479d52c281c17e23e4b9be34993286/-/horizon-files-prod/ed/picture/qpd6q4pv/0803ac6718024d401399d475f62d2a95e6bab939.jpg
Parapluie / B√¢che pour voiture,Neuf,"Ouest foire,Dakar",30000,https://i.roamcdn.net/hz/ed/listing-thumb-224w/67f666b429add3839cc56a39dd9d5ce6/-/horizon-files-prod/ed/picture/qm5p4pnm/9337548127b8390b54ac9094b96260c3bea73aaf.jpg
Kit de phares Ampoules LED X-WillTop,Neuf,"Ouest foire,Dakar",15000,https://i.roamcdn.net/hz/ed/listing-thumb-224w/7a941ac0477707a430db73b0f692203a/-/horizon-files-prod/ed/picture/qzvd5kex/65230e52c97f7d231444ca440b875578910aa46c.jpg
"GPS GF07, localisateur et Mini traceur",Neuf,"M√©dina,Dakar",12000,https://i.roamcdn.net/hz/ed/listing-thumb-224w/6da98454e805a131f929d2e4f4ed19bb/-/horizon-files-prod/ed/picture/qv4exdep/4744ea6cd2048c5f9520fa4a5fdc9df7f5aec189.jpg
Changer votre pare-brise,Neuf,"M√©dina,Dakar",10,https://i.roamcdn.net/hz/ed/listing-thumb-224w/4875085641bc9c8645a8907d80182c97/-/horizon-files-prod/ed/picture/q6xk4kdn/66b1ca2893d9590b7c479a750d59bb736efc417c.jpg
D√©sodorisants auto Gota a gota,Neuf,"Colobane,Dakar",2500,https://i.roamcdn.net/hz/ed/listing-thumb-224w/a99955d5d40c3749a0ea4470c14e8ce7/-/horizon-files-prod/ed/picture/q9m8q0vx/bd8e422b1f36c5aaf96202f0e85381cde1cb5d56.jpg
D√©sodorisants auto - Exotica,Neuf,"Colobane,Dakar",2500,https://i.roamcdn.net/hz/ed/listing-thumb-224w/ef3f45c85be66b62cb6024fc89ad36de/-/horizon-files-prod/ed/picture/qgqge56q/e68515d7feb71510e1151faea85912ce914faa44.jpg
Casque moto-scooter homologu√©s,Neuf,"Hann maristes,Dakar",48000,https://i.roamcdn.net/hz/ed/listing-thumb-224w/82834ff377c9137b5bc4d444c3828754/-/horizon-files-prod/ed/picture/qpd6q054/4b73b5e9ef31c9c9d44dfd1b3eab608b2a61cef4.jpg
Vente de pi√®ces d√©tach√©es,Neuf,"Parcelles Assainies,Dakar",1,https://i.roamcdn.net/hz/ed/listing-thumb-224w/f4d5a264a35b874898d49b9cd4621489/-/horizon-files-prod/ed/picture/q8vz9gjp/82291d9c33fb7d30fff4d696f6c6f5cf217d4792.jpg
Spomicrophone universel pour Pare-Chocs,Neuf,"Hann maristes,Dakar",40000,https://i.roamcdn.net/hz/ed/listing-thumb-224w/f12b2ec4a9f991f30f9ed61e9f7edc53/-/horizon-files-prod/ed/picture/qen5z5vz/ae78e42be42a9cd5fc4ef2373a2ff11dde06ba20.jpg
FILTRE GASOIL,Neuf,"Pikine,Dakar",1,https://i.roamcdn.net/hz/ed/listing-thumb-224w/ac80aa2324c59cb542b89eef06dede8e/-/horizon-files-prod/ed/picture/qwe2g56z/a833015cc5019c8534ddb023ea4d61bd361c2564.jpg
Chaise Auto Sans dossier,Neuf,"Hann maristes,Dakar",38000,https://i.roamcdn.net/hz/ed/listing-thumb-224w/2d43497034884f89eec7d98ecea305b3/-/horizon-files-prod/ed/picture/qwe2zzv5/2e38d202aac260cb2d5fee6cc04c71275a863e49.jpg
Radio √©cran digital,Neuf,"Hann maristes,Dakar",149000,https://i.roamcdn.net/hz/ed/listing-thumb-224w/6e84d0da845c4df08df1dff708a18334/-/horizon-files-prod/ed/picture/q2jj4k4g/2d97babc78f3f69d2c67a4bbe78de0ed219ebc05.jpg
CAMERA DE RECUL POUR STATIONNEMENT,Neuf,"Hann maristes,Dakar",50000,https://i.roamcdn.net/hz/ed/listing-thumb-224w/5691b6d4927e78976e31f2958fd3840a/-/horizon-files-prod/ed/picture/q0gwnx8x/e24d2ec7fc8ef5fb55e3bc3a0aab952fde1ccd5a.jpg
Batterie auto,Neuf,"Liberte 5,Dakar",35000,https://i.roamcdn.net/hz/ed/listing-thumb-224w/a56fcc646ad86c9eced505908620e77f/-/horizon-files-prod/ed/picture/q4e8z89/484b7c965249a8b8fad89af75c09e3bfda2d178c.jpg
Pneus Hankook 225/60R17 -,Neuf,"Mermoz,Dakar",300000,https://i.roamcdn.net/hz/ed/listing-thumb-224w/938abfc190fe9634d269e4e65b8eccef/-/horizon-files-prod/ed/picture/qkrg85g2/47bdbee0254041423e247ebde215e948ed401c6d.jpg
Bouchons de valves pneus lumineux,Neuf,"Keur Massar,Dakar",5000,https://i.roamcdn.net/hz/ed/listing-thumb-224w/bb3c51bbab28a3b0138120b9a990ca3c/-/horizon-files-prod/ed/picture/qqp7pz4/238d7d307bdef4231155492cf31dd0901bede1bb.jpg
Led d√©coration int√©rieure voiture Multicouleur,Neuf,"Keur Massar,Dakar",45000,https://i.roamcdn.net/hz/ed/listing-thumb-224w/f1250de6c4f18b2a025b6d7d61d39b2f/-/horizon-files-prod/ed/picture/q56xzvkg/eb60795ef691b84ab6b626d7d985a4839641ee85.jpg
Bande Led d√©coration int√©rieure voiture,Neuf,"Keur Massar,Dakar",10000,https://i.roamcdn.net/hz/ed/listing-thumb-224w/137b87349bacb2539cae72880727b1ba/-/horizon-files-prod/ed/picture/q2jq5002/ada4173ed5524b6b5de432ea65beca2f085c1dd5.jpg
Casque modulable,Neuf,"Pikine,Dakar",27000,https://i.roamcdn.net/hz/ed/listing-thumb-224w/2f2c6ebbd5e9e5a5195b00b4ec88f1d6/-/horizon-files-prod/ed/picture/qkne9pj/de5ab4a1b9f437d013bb2190d15810c79ba71fe2.jpg
Batterie automobile 12v 75Ah 100Ah,Neuf,"M√©dina,Dakar",39900,https://i.roamcdn.net/hz/ed/listing-thumb-224w/04ba41a6ebc01d9e186c63308dd57f59/-/horizon-files-prod/ed/picture/q566x5j5/1e4765471e91bc27e8f13be3d193ce06b4786954.jpg
Gyrophare Led Flash,Neuf,"Hann maristes,Dakar",30000,https://i.roamcdn.net/hz/ed/listing-thumb-224w/e18dc6e4dbe87afda88ce52ea1af21bb/-/horizon-files-prod/ed/picture/qwe2wxrp/55b46059646f0872a73403202693b69594b15363.jpg
Pompe √† air,Neuf,"Guediawaye,Dakar",15000,https://i.roamcdn.net/hz/ed/listing-thumb-224w/94b392b42266a4c9232cd3e73a771d34/-/horizon-files-prod/ed/picture/q0g2k8vz/07eb683695df34e884a0b1e89a2dee9ba4270d21.jpg
LED Signal phares,Neuf,"Hann maristes,Dakar",55000,https://i.roamcdn.net/hz/ed/listing-thumb-224w/bb5f1ea5ed439ef5bfd032d895ff7c2d/-/horizon-files-prod/ed/picture/q8vv20p9/c185b6fb6d465db094a85a12bde8fe457b949f90.jpg
FEUX ANTIBROUILLARD VOITURES,Neuf,"Hann maristes,Dakar",35000,https://i.roamcdn.net/hz/ed/listing-thumb-224w/0778594d9b834c4348ac3410e7d436a4/-/horizon-files-prod/ed/picture/qdewk0g8/a0d5050a513d1152dc2b7be5f77621a3bac55ae2.jpg
Siege Evolutif auto pour b√©b√©,Neuf,"Hann maristes,Dakar",65000,https://i.roamcdn.net/hz/ed/listing-thumb-224w/3cf061ce42a23e8f8b6a901be90185de/-/horizon-files-prod/ed/picture/qv4edkvw/d2252b6adce22c9db5d1869a902ddda4bcd48954.jpg
BANDE DE LUMI√àRES DECORATIVE POUR VOITURE,Neuf,"Hann maristes,Dakar",25000,https://i.roamcdn.net/hz/ed/listing-thumb-224w/a6066a2c4a6d8b03f5ad77e1eca9861e/-/horizon-files-prod/ed/picture/q0g2n5km/cac23acc07cdfdab72b9f520674a869800fd81df.jpg
Repose t√™te avec moniteur universel pour si√®ge arri√®re,Neuf,"Hann maristes,Dakar",80000,https://i.roamcdn.net/hz/ed/listing-thumb-224w/3ec84b02fbbdd50e8cfa568efa3c16cc/-/horizon-files-prod/ed/picture/qwee4nrm/394eb326de9289420ea38aefa879994d49049a99.jpg
Chargeur Sans Fil auto multifonction,Neuf,"Point-e,Dakar",20000,https://i.roamcdn.net/hz/ed/listing-thumb-224w/4ca566e1fd141b09005c421743a0e456/-/horizon-files-prod/ed/picture/q9m9gknp/bc4ea55d148a13374da26f24caa2910605f6287c.png
Led Ampoules Phare,Neuf,"Hann maristes,Dakar",25000,https://i.roamcdn.net/hz/ed/listing-thumb-224w/f8276eede0b95d3af08e5f8ee8a2a6a2/-/horizon-files-prod/ed/picture/qq44mzj6/aea5d56c330b97ec29cf1c9e6337983e7bab0dca.jpg
Subwoofer Auto,Neuf,"Hann maristes,Dakar",95000,https://i.roamcdn.net/hz/ed/listing-thumb-224w/e6681899fafc5650a9a43408930936e8/-/horizon-files-prod/ed/picture/qennje62/ab26fb564b97d61721e56c172d92e9065d8f2e68.jpg
B√¢che Automobile,Neuf,"Hann maristes,Dakar",28000,https://i.roamcdn.net/hz/ed/listing-thumb-224w/b0f8886dc5a0a2712902af0325148a28/-/horizon-files-prod/ed/picture/q2jj2zk6/7b00ba2782290a7ae3600665ce426b59d1640075.jpg
LED LUMI√àRE POUR VOITURES,Neuf,"Hann maristes,Dakar",35000,https://i.roamcdn.net/hz/ed/listing-thumb-224w/0b528e396d4857850a9333a867c3d05a/-/horizon-files-prod/ed/picture/qj4j5zqd/51f260801066679fc25d86a3ca439a6b204d845c.jpg
cles autel universel pour toute voiture,Neuf,"Yoff,Dakar",20000,https://i.roamcdn.net/hz/ed/listing-thumb-224w/b904c49077a685c6b70bd96fa89eb5b2/-/horizon-files-prod/ed/picture/qq4d09x6/a2272f73ed8dc575a1127e7657ad6d64d4835a00.jpg
launch x431 crp 909,Neuf,"Yoff,Dakar",380000,https://i.roamcdn.net/hz/ed/listing-thumb-224w/ed67a0b54301fb4e85e0a04529ac2211/-/horizon-files-prod/ed/picture/q04qjp8/bee5837859e5f404c029fa4fafd54b0134429554.jpg
"programmateurs de calculateur kess ,katag",Neuf,"Yoff,Dakar",100000,https://i.roamcdn.net/hz/ed/listing-thumb-224w/50af0420dd1397fc10fd3b742e8afc5f/-/horizon-files-prod/ed/picture/qm90v0r/33b1d499b7f8ee62ce7ba0a5f068336999c32acc.jpg
Housse de Volant en Strass,Neuf,"Grand-Dakar,Dakar",7500,https://i.roamcdn.net/hz/ed/listing-thumb-224w/de417d962641ed6f9ce11fd32d89f85e/-/horizon-files-prod/ed/picture/q2jjdnw6/7c075452a1bac790670fd59d8f65b92de4458b0a.jpg
HABIB AUTO SERVICES,Neuf,"Patte d‚Äòoie,Dakar",1,https://i.roamcdn.net/hz/ed/listing-thumb-224w/4d1bc1e0729941960f04d5e6cdcfaefe/-/horizon-files-prod/ed/picture/qwe2gj00/11ba14b90106084bc398aef9434ae74c85becafe.jpg
BOOSTER DE BATTERIE,Neuf,"Mbour,Thi√®s",100000,https://i.roamcdn.net/hz/ed/listing-thumb-224w/ed699fbfc0eab2003b84df2bcf006632/-/horizon-files-prod/ed/picture/qq475k8v/8bec7d7a3fb923bf9b9436ceed5231aa97e4d515.jpg
BOOSTER DE BATTERIE,Neuf,"Mbour,Thi√®s",100000,https://i.roamcdn.net/hz/ed/listing-thumb-224w/05b328b82a7ea7a298fc5674ff3b0b26/-/horizon-files-prod/ed/picture/qq475gnj/30b69da337d99b46a3cc3b52a2a695af4eee9196.jpg
Batterie de voiture 75ah neuve,Neuf,"Plateau,Dakar",38000,https://i.roamcdn.net/hz/ed/listing-thumb-224w/55c22ca9ace97c04d9705ecea09f840d/-/horizon-files-prod/ed/picture/q56xz4nx/5a6eb8816d25df58626f2188d5d01c8e05e53395.jpg
Antivols motos,Neuf,"Castor,Dakar",8500,https://i.roamcdn.net/hz/ed/listing-thumb-224w/697afb4453a1aac60b45a93c4aaa7ac7/-/horizon-files-prod/ed/picture/qxj26ejw/d323729f28d961422bd8aa88cee1a3cd9b763881.jpg
Malette moto et scooter,Neuf,"Castor,Dakar",19500,https://i.roamcdn.net/hz/ed/listing-thumb-224w/412a0b4894e29601cf3d4083c403982e/-/horizon-files-prod/ed/picture/q9m9jqqw/4d36ed52dc756ef65816b11598e489f8fd74ab9a.jpg
Moteur tricycle 200,Neuf,"Castor,Dakar",235000,https://i.roamcdn.net/hz/ed/listing-thumb-224w/e572c7ddf512d45ff9fe4f41ef045c4c/-/horizon-files-prod/ed/picture/qwe2ppvp/f45e49d79f7921442a23acf9e7c4781b6bafd0dd.jpg
Pi√®ces et √©quipements motos,Neuf,"Castor,Dakar",1,https://i.roamcdn.net/hz/ed/listing-thumb-224w/35a6d04e20d694ce21dc64d833015f61/-/horizon-files-prod/ed/picture/q9m95dx5/00559d67dd15d97b018b3eba419d2393568d6ae0.jpg
Karcher,Neuf,"Hann maristes,Dakar",100000,https://i.roamcdn.net/hz/ed/listing-thumb-224w/8b88cddb546b701b07646354adea8f6e/-/horizon-files-prod/ed/picture/qmeenmd/6026ac72e8f7fa3fd01dc6093c46edc7308de482.jpg
Si√®ge auto pour B√©b√© haut de gamme,Neuf,"Hann maristes,Dakar",65000,https://i.roamcdn.net/hz/ed/listing-thumb-224w/1c3427b3094e63897903d66f999bc039/-/horizon-files-prod/ed/picture/qenqdqkk/6d801b7d3ff40ee5a38257144e290c94be712974.jpg
Housses de si√®ge voiture,Neuf,"Grand-Dakar,Dakar",60000,https://i.roamcdn.net/hz/ed/listing-thumb-224w/fbf69266a7ebf04f9c27f6f1b81011bd/-/horizon-files-prod/ed/picture/qdeej028/41bb9289282214b3d796b3be27c71b315942ddcc.jpg
Casque haut de Gamme Modulable en Fibre de verre,Neuf,"Hann maristes,Dakar",165000,https://i.roamcdn.net/hz/ed/listing-thumb-224w/1f3633eb0b6942dc2a0daba8912d6741/-/horizon-files-prod/ed/picture/q0gwk9vk/5a34e0ea04179c31cc8bc6432380ccaaeea48681.jpg
Starpneu,Neuf,"Yoff,Dakar",1,https://i.roamcdn.net/hz/ed/listing-thumb-224w/4147ae9cadbac7c456881b8b6a48d281/-/horizon-files-prod/ed/picture/migrated/qvg0545/67ac1637dd04fdb53c4dc15a1b952cdff34e550e.jpg
Pare-Chocs,Neuf,"Hann maristes,Dakar",35000,https://i.roamcdn.net/hz/ed/listing-thumb-224w/b52626a849c1f1e80cbddf37ed6d9a46/-/horizon-files-prod/ed/picture/q2jr0kne/06383f7faebb32e20d65e26d74e3adffd037beca.jpg
Gyrophare Led,Neuf,"Hann maristes,Dakar",40000,https://i.roamcdn.net/hz/ed/listing-thumb-224w/4d7c5a2bb8cb1871b34755129b333155/-/horizon-files-prod/ed/picture/qpddqvv2/c78a4016f97d5800b86c4f53f2876d51b32b7852.jpg
launch cr 319 mise √† jour √† vie gratuite,Neuf,"Yoff,Dakar",30000,https://i.roamcdn.net/hz/ed/listing-thumb-224w/cef559d01fdcd7298cf8a9be20ef5ba6/-/horizon-files-prod/ed/picture/qngd6vke/6e1d4c12c0b6ad40ab952be658a73964d650c916.jpg
Batterie de voiture 75ah neuve,Neuf,"Plateau,Dakar",38000,https://i.roamcdn.net/hz/ed/listing-thumb-224w/a6ebbf38841deb3d6a39831257b7fb3c/-/horizon-files-prod/ed/picture/qwe2rd45/c790443ef12d5555543e8b17346223cdd6390e41.jpg
Filtre √† Air,Neuf,"Liberte 6,Dakar",17500,https://i.roamcdn.net/hz/ed/listing-thumb-224w/8c57130cc69f32c6adb346e809fd6803/-/horizon-files-prod/ed/picture/qngx7j9g/85bdb74cfba3295c080a8e03a7eb84daecc87535.jpg
KINGBOLEN Ediag Plus,Neuf,"Guediawaye,Dakar",175000,https://i.roamcdn.net/hz/ed/listing-thumb-224w/f1fd33c3ceaf0d8750c75788b407bc5c/-/horizon-files-prod/ed/picture/qweeqd4m/4b29719cad96946c08c91421e4801956c128602c.jpg
OTOFIX Watch Smart Key,Neuf,"Guediawaye,Dakar",90000,https://i.roamcdn.net/hz/ed/listing-thumb-224w/3261b7e1fdfa8e0f43cca0e38226711a/-/horizon-files-prod/ed/picture/qenqr4nj/3dd056a0ff5ff910f6a9415fb3e6b33ffc94a410.jpg
"Aspirateur d√©poussi√©rage/√©clairage (Auto & Ordinateur, etc.)",Neuf,"Castor,Dakar",10000,https://i.roamcdn.net/hz/ed/listing-thumb-224w/8c604402b57da4b87dc59f88553dff62/-/horizon-files-prod/ed/picture/qkr5557j/c87435018d07a612dd52244461b5e066a8e11bdb.jpg
Nettoyeur √©lectrique portable avec 2 batteries 48 V,Neuf,"Grand-Dakar,Dakar",45000,https://i.roamcdn.net/hz/ed/listing-thumb-224w/3aaee00f6d912c648ae14ae1ff810236/-/horizon-files-prod/ed/picture/qzv4g0vd/1a914c0a91a018608e86f3bd7d3454659b1f5271.jpg
R√©trofl√©chissants lumineux pneumatiques,Neuf,"Keur Massar,Dakar",4500,https://i.roamcdn.net/hz/ed/listing-thumb-224w/605e0c9206afc5fa1e0a721f0c2670ba/-/horizon-files-prod/ed/picture/qv44z0p5/68254a237e689cca97781a67b169eb0db512847b.jpg
Compresseur d'air portable pour gonfler les pneus,Neuf,"Castor,Dakar",12000,https://i.roamcdn.net/hz/ed/listing-thumb-224w/5f71ec07702ace7e9e41901fe44aefe0/-/horizon-files-prod/ed/picture/qenqqd8j/976370c97ac5d0fac4784b819f8d91dfbc1a7f78.jpg
"B√¢che auto(couvre-voiture) suv,4√ó4",Neuf,"Liberte 6,Dakar",25000,https://i.roamcdn.net/hz/ed/listing-thumb-224w/d3848b8e355e18b7d78cb3971f497c22/-/horizon-files-prod/ed/picture/qzvdpgnq/9610eba8bac11d9d4297fc781d35800fbb2f957e.jpg
Sac √† bandouli√®re,Neuf,"Grand-Dakar,Dakar",10500,https://i.roamcdn.net/hz/ed/listing-thumb-224w/b92743d121a40d37972536e5ff700745/-/horizon-files-prod/ed/picture/qrzv8deq/50ce807fb94e48a6674416574ac57f4e572e03b6.jpg
Auto Radio Nissan Kicks,Neuf,"Hann maristes,Dakar",125000,https://i.roamcdn.net/hz/ed/listing-thumb-224w/97538eada8b68523cdac3142e812fea2/-/horizon-files-prod/ed/picture/qpdw46kq/d651fc889574b512de2d9a7b03e5a8c24b8bd267.jpg
Aspirateur Multifonction 4 en 1 Pour Voiture,Neuf,"Hann Bel-Air,Dakar",45000,https://i.roamcdn.net/hz/ed/listing-thumb-224w/7cae9186c174f15bb889cf83dd53250d/-/horizon-files-prod/ed/picture/q6xkkwjz/80409286eee1f7253721759bde351f7a0b562a17.jpg
Bache voiture imperm√©able et doubl√© en coton,Neuf,"Grand-Dakar,Dakar",19000,https://i.roamcdn.net/hz/ed/listing-thumb-224w/3c8fbf994f8707a8a00dfe37b10ffb40/-/horizon-files-prod/ed/picture/qpdpkjxj/635a1e447b63bfa24f18a5d906a925b8db180458.png
LED EXTERNAL LENS SPOT LIGHT / MINI FEUX DE CONDUITES,Neuf,"Hann maristes,Dakar",25000,https://i.roamcdn.net/hz/ed/listing-thumb-224w/9345ae1e2dcfb7b1c381982947ee5464/-/horizon-files-prod/ed/picture/q44d20n9/b9c44881b3cac9e92e894190fd211bd7734a4a5e.jpg
ECRAN ANDROID,Neuf,"Hann maristes,Dakar",275000,https://i.roamcdn.net/hz/ed/listing-thumb-224w/35629c2a9d4b30cbc8a49fce64f1cc81/-/horizon-files-prod/ed/picture/qj4j72ng/fb10466346ad63b2c32ea68ec815b8f48185905e.jpg
Chargeur de batterie auto 12V 6A impulsion Plomb-acide,Neuf,"Golf,Dakar",15000,https://i.roamcdn.net/hz/ed/listing-thumb-224w/ecc6df3a374d0306c09f73b2b7e437f1/-/horizon-files-prod/ed/picture/qvjxkxm/19aee08cba55edd8e160476a1a36120d66c6ff6e.jpg
GPS,Neuf,"Ouakam,Dakar",20000,https://i.roamcdn.net/hz/ed/listing-thumb-224w/de1c47b1062f16cbd3820c127e7d0e8f/-/horizon-files-prod/ed/picture/qgq9q858/8680c59a870ee8406296542dc14065c31314de13.jpg
Bache sur mesure,Neuf,"Pikine,Dakar",19000,https://i.roamcdn.net/hz/ed/listing-thumb-224w/995b53de249dcb57b485d2fefd4d237a/-/horizon-files-prod/ed/picture/migrated/qgp08de/1c8e201e5a4c923487c2aab6a82f2ea4b283b28b.jpg
Delphi autocom 2020.23 nouvelle version,Neuf,"Yoff,Dakar",75000,https://i.roamcdn.net/hz/ed/listing-thumb-224w/0d4b220f40ee46c66c8ef8a4ad674a9a/-/horizon-files-prod/ed/picture/qjnm96z/4604df47321e775d3a02ce354d8dcd0564e87654.jpg
Housse Voiture De Luxe 5 places,Neuf,"Grand-Dakar,Dakar",50000,https://i.roamcdn.net/hz/ed/listing-thumb-224w/ad90b49d4ecb9215500f90c1295d72bb/-/horizon-files-prod/ed/picture/qjv0n5r/e4a2da62631e76a0050d6f551d03f8cc168db03b.png
Rev√™tement de volant,Neuf,"Hann maristes,Dakar",15000,https://i.roamcdn.net/hz/ed/listing-thumb-224w/0ca6cf8ad3a6e1213c4b89526abb3d93/-/horizon-files-prod/ed/picture/qngdnxmx/293da60d6e5217992bdfcfd574eedfc8978315f9.jpg
Gonfleur,Neuf,"Ouakam,Dakar",15000,https://i.roamcdn.net/hz/ed/listing-thumb-224w/6597839931cf90a8eb06359ec7cb29c7/-/horizon-files-prod/ed/picture/qm5r8dkm/0c2c31280fc799a7a1f0b4f47a1eaf2a9ef3c504.jpg
Housse de voiture de luxe 5 places,Neuf,"Grand-Dakar,Dakar",50000,https://i.roamcdn.net/hz/ed/listing-thumb-224w/dc0b4c2a0de68541953967b415892a51/-/horizon-files-prod/ed/picture/qzv2j2nx/b00abb176c37d13aa5fd7a5e73cc99b4c20997b5.png
B√¢che(couvre-voiture pour suv ou 4√ó4),Neuf,"Sicap Libert√©,Dakar",25000,https://i.roamcdn.net/hz/ed/listing-thumb-224w/bb27e7d2f7e9b6b5a8b0e465dd932d07/-/horizon-files-prod/ed/picture/qngdez9z/c77bdf5fac6da84e04dedec6cc6c08b7233c065a.jpg
"Mini Vantilo pour v√©hicule, table de bureau, lit ,chambre...",Neuf,"Sicap Libert√©,Dakar",9000,https://i.roamcdn.net/hz/ed/listing-thumb-224w/feb4285ecd771628a16ad3234f5e0b05/-/horizon-files-prod/ed/picture/qv4p62pg/a2be11cc721099d0515ae0b9c03d35a3b2759333.jpg
machine de lavage portable rechargeable electrique,Neuf,"Plateau,Dakar",35000,https://i.roamcdn.net/hz/ed/listing-thumb-224w/90bcbcf278cb536c851c02867ae6f596/-/horizon-files-prod/ed/picture/q2jjvje8/02fd60e585fff2f014676ac50a79bb1c1b39c203.jpg
Housses de si√®ge voiture,Neuf,"Grand-Dakar,Dakar",60000,https://i.roamcdn.net/hz/ed/listing-thumb-224w/d0019973034744df51913bc5c2538643/-/horizon-files-prod/ed/picture/qendmvp4/47e36a6fbcc6f2098cb3ddc59a64f86b0f25f0f4.png
Bache voiture berline,Neuf,"Grand-Dakar,Dakar",19000,https://i.roamcdn.net/hz/ed/listing-thumb-224w/ddc1befae7dee2ddc335b3b4b9caa5f9/-/horizon-files-prod/ed/picture/qder6850/b78d0c45f3d1fb1111ab03a90786d6604bbffc8d.jpg
AUTORADIO AVEC BLUETOOTH ET USB/SD,Neuf,"Mbour,Thi√®s",40000,https://i.roamcdn.net/hz/ed/listing-thumb-224w/d379bf7124c47b519cc33f483250e9ef/-/horizon-files-prod/ed/picture/qq4d0zmz/710f0b95e0496ce4153ba8c09ac0102f1e8ba828.jpg
Housse de moto made in S√©n√©gal,Neuf,"Pikine,Dakar",9900,https://i.roamcdn.net/hz/ed/listing-thumb-224w/4aad1b920d08b8fb42b431af4749812e/-/horizon-files-prod/ed/picture/q564nk45/9b96855ce70c56b1e52e827c42d7be31fe9afe36.jpg
Chargeur sans fil de voiture 15W support grill a√©ration,Neuf,"Golf,Dakar",10000,https://i.roamcdn.net/hz/ed/listing-thumb-224w/fb58fac497db339e32868c5e787ddbbf/-/horizon-files-prod/ed/picture/qngg0vpr/948f7d54f8ec2ec701df594d4a151d3bc23d310e.jpg
PLAQUETTES FREINS TOUTES MARQUES SCOOTERS,Neuf,"Plateau,Dakar",1,https://i.roamcdn.net/hz/ed/listing-thumb-224w/b6c09c5dcb3c0f38de5eb0cf81b44384/-/horizon-files-prod/ed/picture/qwee4k54/6f16a1da2cee9355f8f5ad78a0b039c62bc167a3.jpg
Lavage int√©rieur voiture,Neuf,"Guediawaye,Dakar",3000,https://i.roamcdn.net/hz/ed/listing-thumb-224w/96df06219bbbe34ea6472ea7a5610417/-/horizon-files-prod/ed/picture/qq4dxg5j/a9a6adb75a844bd7a1826d14ee0cc461c15c2b09.jpg
Nettoyant F.A.P et Turbo pour moteur diesel.,Neuf,"Mbour,Thi√®s",60000,https://i.roamcdn.net/hz/ed/listing-thumb-224w/3eddcb272eacd4ee76711f702350281e/-/horizon-files-prod/ed/picture/qq4d85zz/0d333f9166049d6e0a818ad20cda5bb8e0e201d4.jpg
Autoradio Tactile Lecteur Vid√©o,Neuf,"Hann maristes,Dakar",28000,https://i.roamcdn.net/hz/ed/listing-thumb-224w/de78d9df11761a09aa3920dcb764d458/-/horizon-files-prod/ed/picture/q44429n9/7f19bddf63d8740de0e7356ce937586fd0786bc3.jpg
TURBO LED,Neuf,"Hann maristes,Dakar",35000,https://i.roamcdn.net/hz/ed/listing-thumb-224w/17f7f2fe5bd89b4ad95202cadab86f89/-/horizon-files-prod/ed/picture/q78789qj/a98783c926c4d60bb289fd6535719932c905eebb.jpg
Tuyau D‚Äôarrosage Extensible Magic Hose 22.5m et 30m,Neuf,"Grand-Dakar,Dakar",15000,https://i.roamcdn.net/hz/ed/listing-thumb-224w/fd11666851bb23c7580ec6a4e5e3d092/-/horizon-files-prod/ed/picture/qxjjmgnn/da33f960361f12cd9d220e7c983a14ce52ed2b5b.jpg
Tapis pose pieds pour v√©hicule,Neuf,"Sicap Libert√©,Dakar",15000,https://i.roamcdn.net/hz/ed/listing-thumb-224w/c072141477d23df6ab5e5e42591d252a/-/horizon-files-prod/ed/picture/qj4jz97v/07e17333d7b9ad510c9e11536a89d24d3a8792d2.jpg
"Flasque moto , honda et Beverly",Neuf,"Plateau,Dakar",1,https://i.roamcdn.net/hz/ed/listing-thumb-224w/3444646d137276e853a8e2bb426d6ca5/-/horizon-files-prod/ed/picture/qrzqvgdq/1e1d85c9ab67080a2896df2ff5aa435365ead09f.jpg
B√¢ches pour v√©hicule,Neuf,"Sicap Libert√©,Dakar",20000,https://i.roamcdn.net/hz/ed/listing-thumb-224w/520f045e9f66c95c7a515abd17102098/-/horizon-files-prod/ed/picture/q9m8kj95/0c845a1b098dc52609de492b18ee34955e36c991.jpg
Housse interieur auto en cuir,Neuf,"M√©dina,Dakar",5,https://i.roamcdn.net/hz/ed/listing-thumb-224w/810dcf7f04d13839cb3efa2ee3926242/-/horizon-files-prod/ed/picture/q76407z/137dcfb3fac3f1e75f033c136c84339ce993aa19.jpg
AMORTISSEURS SCOOTERS,Neuf,"Plateau,Dakar",1,https://i.roamcdn.net/hz/ed/listing-thumb-224w/f37a7131aad604904cb90e6cf732da96/-/horizon-files-prod/ed/picture/qenn4wqj/28e5a1a63402f33f4fea67218c8c6fc2c042ddaf.jpg
Support mobile de voiture universel 360 ¬∞,Neuf,"Grand-Dakar,Dakar",6500,https://i.roamcdn.net/hz/ed/listing-thumb-224w/247f7f448cce72dccf66960d51570744/-/horizon-files-prod/ed/picture/qqppndw/77d308de03f94bb41bfba30c5eb16d562d9ceb31.jpg
Radar de recul stationnement avec 4 capteurs sensor,Neuf,"Golf,Dakar",17000,https://i.roamcdn.net/hz/ed/listing-thumb-224w/b93f047ef6c7192ae5c6f50e81f329ee/-/horizon-files-prod/ed/picture/qx95nx4/86cdf244cb963b87562b09da01fe660d17c4fc40.jpg
Siru Kit carrosserie 2014-2018 mise √† niveau,Neuf,"Ouakam,Dakar",3000000,https://i.roamcdn.net/hz/ed/listing-thumb-224w/6940816e4f90eca60e08720af76cff02/-/horizon-files-prod/ed/picture/qvnn88x/4a6cf2d3fa39dc4078947b89226052c97ac4e82a.jpg
MaicTop Kit Body Upgrade Toyota Prado From 2014 to 2022,Neuf,"Ouakam,Dakar",4000000,https://i.roamcdn.net/hz/ed/listing-thumb-224w/ebb6cfe3ac101c76655cd309da06c531/-/horizon-files-prod/ed/picture/qwqq44z/bf7d31267f2a3c57c2b55040f30f26fd5353d018.jpg
Bache Voiture 4x4,Neuf,"Grand-Dakar,Dakar",25000,https://i.roamcdn.net/hz/ed/listing-thumb-224w/053e592d89a276d3509ecbc47682bd9b/-/horizon-files-prod/ed/picture/qv5d22v/28826204bd1d65e03d64a8e57ae2117ba8f43ef4.png
"Plaquette, disque et m√¢choire de frein",Neuf,"M√©dina,Dakar",15000,https://i.roamcdn.net/hz/ed/listing-thumb-224w/e82a535695e8d7c6d4e12bbe54a29d26/-/horizon-files-prod/ed/picture/q9vwxm7/64e4c9880179b8323ad9370ff99cfb8e8aec1a8b.jpg
Filtres,Neuf,"M√©dina,Dakar",15000,https://i.roamcdn.net/hz/ed/listing-thumb-224w/320802bbbbf7dea895d2d60153fa6af7/-/horizon-files-prod/ed/picture/qeejnw2/34f702309970d53bd55c6e69fc8ca5817840eb5c.jpg
"B√¢ches auto(4√ó4,suv,berline)",Neuf,"Liberte 6,Dakar",20000,https://i.roamcdn.net/hz/ed/listing-thumb-224w/1956ad1dc3cabb79d60d803cbe8b820a/-/horizon-files-prod/ed/picture/qnggnx8x/056e83b79ce28deca35d75200e552e728b88304f.jpg
Cl√© d√©monte roue,Neuf,"Mbour,Thi√®s",13000,https://i.roamcdn.net/hz/ed/listing-thumb-224w/fd134007740094c3295722c5a5590a2a/-/horizon-files-prod/ed/picture/qennkpv2/6d942f031d0d9a73ce3bd6a25d921ba9a4ffa541.jpg
Chargeur sans fil de voiture 15W avec support,Neuf,"Patte d‚Äòoie,Dakar",10000,https://i.roamcdn.net/hz/ed/listing-thumb-224w/518733315594e59a5c0b1fdd5ca0f7e4/-/horizon-files-prod/ed/picture/qrzzm9m9/d705463d325c963866fb01d67692a98dd3941889.jpg
Cam√©ra de recul CCD HD universel / 4 LED,Neuf,"Parcelles Assainies,Dakar",10000,https://i.roamcdn.net/hz/ed/listing-thumb-224w/36973fd4919b13f8b889c806ed7dcb1c/-/horizon-files-prod/ed/picture/qg07ew8/3a6378b2a4167e165066822cb34e0d8d55a6f818.jpg
"B√¢ches auto(4√ó4,suv,berline)",Neuf,"Liberte 6,Dakar",20000,https://i.roamcdn.net/hz/ed/listing-thumb-224w/6c9ccf618a49f39146225e3ff7912633/-/horizon-files-prod/ed/picture/qpddq6rr/4d1c1cc279a874ab1be569b77c1544145733d0f7.jpg
autel im 508,Neuf,"Yoff,Dakar",700000,https://i.roamcdn.net/hz/ed/listing-thumb-224w/384766e0b3be02efe455ff06ee477c3e/-/horizon-files-prod/ed/picture/qwemrgxm/9a2c3575a1a39a3b7768ff2f345ce7888486dcbb.jpg
Housse int√©rieure pour v√©hicule en simili cuir,Neuf,"Liberte 6,Dakar",45000,https://i.roamcdn.net/hz/ed/listing-thumb-224w/cc65d440857953e4db5ec519e9288edd/-/horizon-files-prod/ed/picture/q444m5ve/58545fac03bc62a20102b1b5710b24d27d98d43c.jpg
Pompe Electrique 2 EN 1 Gonfleur D√©gonfleur - 3 Buses,Neuf,"Patte d‚Äòoie,Dakar",10000,https://i.roamcdn.net/hz/ed/listing-thumb-224w/af7c142e67f51b18e9542d1c2fada09c/-/horizon-files-prod/ed/picture/qweenxr5/d4ea2ad7f17fba4d09d24d344f04b47a72cc3ba7.jpg
Aspirateur sans fil original,Neuf,"Plateau,Dakar",30000,https://i.roamcdn.net/hz/ed/listing-thumb-224w/bba1c1b164267226ed6dae83d837dbe9/-/horizon-files-prod/ed/picture/qpkm7mw/f8fec97e59071d268c52dd71cf682634ec605967.jpg
"arroseur de jardin, voiture flexible 15m",Neuf,"Grand-Dakar,Dakar",10000,https://i.roamcdn.net/hz/ed/listing-thumb-224w/ac0e6ef1d6c142bb1f76b47588bae64a/-/horizon-files-prod/ed/picture/qdzrznr/9a02b67ad2fed90d60c098e64721a0af601ca8c6.jpg
Jeu Coussin lombaire et Coussin Oreiller,Neuf,"Ouakam,Dakar",20000,https://i.roamcdn.net/hz/ed/listing-thumb-224w/473dd841a68521c1adec6bb233d97eae/-/horizon-files-prod/ed/picture/qg22xe8/98f14772b0c5c2cbf497e0ce860875d3a7e62d6d.jpg
elm 327 nouvelles versions bluetooth,Neuf,"Yoff,Dakar",15000,https://i.roamcdn.net/hz/ed/listing-thumb-224w/93d9de73e5b62150b70392d34669025b/-/horizon-files-prod/ed/picture/q58p9er/48273b99899a43f13a0a6144949656a994ef6c39.jpg
Huile moto 4T 10W-40,Neuf,"Dieuppeul,Dakar",4000,https://i.roamcdn.net/hz/ed/listing-thumb-224w/2aaa685504142a3a522999da3177b4b6/-/horizon-files-prod/ed/picture/qrz2prk8/857b242511acad9ef44cf6e3f33cdee052dd951a.jpg
Tapis pose pieds pour v√©hicule,Neuf,"Liberte 6,Dakar",15000,https://i.roamcdn.net/hz/ed/listing-thumb-224w/7d3cbedafff0b2fb8ee94bc080881830/-/horizon-files-prod/ed/picture/qq4q028v/84a9cf89dd8898fb78f65e1c76c05a9705ec186a.jpg
"B√¢ches auto (couvre-voiture) pour suv,4√ó4,berline",Neuf,"Liberte 6,Dakar",25000,https://i.roamcdn.net/hz/ed/listing-thumb-224w/d828f7404c0b280d135ea8757b5eed52/-/horizon-files-prod/ed/picture/qder8rjw/543132ad43b640a51d82b87b26f73fd7529d7e0e.jpg
Autoradio universel Tactile 7 Pouces Carplay,Neuf,"Parcelles Assainies,Dakar",60000,https://i.roamcdn.net/hz/ed/listing-thumb-224w/8d6d9c3fd4875397ff2814af813772db/-/horizon-files-prod/ed/picture/qxe7knj/029118a7a3fe582806b474c136b076c44faa2c7a.jpg
Housse de voiture de luxe 5 places,Neuf,"Grand-Dakar,Dakar",50000,https://i.roamcdn.net/hz/ed/listing-thumb-224w/00e12fc273ab5128bd73c6efd88d02b0/-/horizon-files-prod/ed/picture/qxjdq648/70bf3be91be3ef3c7d073343e07a2b7c61ebcaf3.png
Housse Voiture de luxe,Neuf,"Grand-Dakar,Dakar",50000,https://i.roamcdn.net/hz/ed/listing-thumb-224w/b8d6511f593527d4347d239200f302df/-/horizon-files-prod/ed/picture/qd59v22/b7f581fd80760f649c1a2f609504b78082157994.png
Bache Voiture 4x4,Neuf,"Grand-Dakar,Dakar",25000,https://i.roamcdn.net/hz/ed/listing-thumb-224w/4775adf889a14099765d520f5f4175ab/-/horizon-files-prod/ed/picture/qjnk5ed/f6c5014432e210d10357cfbcbaa2c57fdf504c65.png
Chargeur AC voiture 12V 1A cable micro USB,Neuf,"Patte d‚Äòoie,Dakar",1000,https://i.roamcdn.net/hz/ed/listing-thumb-224w/af70c92583bbee0e8bff8bee5a4685b9/-/horizon-files-prod/ed/picture/qqpe446/19b4a0d0b1c54672e96fd5fc82a2605e62f8b7e2.jpg
Transmetteur / modulateur Fm multifonction,Neuf,"Parcelles Assainies,Dakar",1000,https://i.roamcdn.net/hz/ed/listing-thumb-224w/1827cdcf97f9d1440fa5fddb6a951d09/-/horizon-files-prod/ed/picture/q4wv9mr/efd7a3d7b51d6178a419f48d23288ddbbe8400e7.jpg
B√¢ches auto,Neuf,"Liberte 6,Dakar",20000,https://i.roamcdn.net/hz/ed/listing-thumb-224w/8dfa9959c83e7d1cfdf54e60b7f3c5ef/-/horizon-files-prod/ed/picture/q9pqkv7/fc18cbf11f53d1e0d66b38ef978e82bebe227c28.jpg
B√¢ches suv;4√ó4,Neuf,"Liberte 6,Dakar",25000,https://i.roamcdn.net/hz/ed/listing-thumb-224w/87dd3af9724914cbb5999a8f5301cfd5/-/horizon-files-prod/ed/picture/qnrmzxv/04943fb28cfb9973dd77302f0f1e884b0b4b4cd3.jpg
B√¢ches auto(berline),Neuf,"Liberte 6,Dakar",20000,https://i.roamcdn.net/hz/ed/listing-thumb-224w/67adc8c66dda40b0c96cb8c126b1a08c/-/horizon-files-prod/ed/picture/q7nem5m/1e512ce4cd8ace74a798a68711c5728da351f0da.jpg
Autoradio √©cran tactile 7 pouces multifonction universel,Neuf,"Patte d‚Äòoie,Dakar",35000,https://i.roamcdn.net/hz/ed/listing-thumb-224w/baa3f90c0238b1c9a21aebe1b9eba432/-/horizon-files-prod/ed/picture/q6094r4/19f491fefb10d58eb08a501a1721f505ae41eac4.jpg
Chargeur AC voiture 12V c√¢ble USB 1 m√®tre,Neuf,"Golf,Dakar",1000,https://i.roamcdn.net/hz/ed/listing-thumb-224w/8bd009dfb02ec6c56133cab7be34e120/-/horizon-files-prod/ed/picture/qjvg4zr/c19fa8e717e67eaa7413ff31ae311a688b9c0661.jpg
Bache voiture,Neuf,"Grand-Dakar,Dakar",19000,https://i.roamcdn.net/hz/ed/listing-thumb-224w/6c5880a67d8a1259bc2fe3fadc661319/-/horizon-files-prod/ed/picture/q0re5dz/f32dcc680b99d5de0f3b46e5a5d8be7bd501fac9.png
Bache auto berline,Neuf,"Liberte 6,Dakar",19000,https://i.roamcdn.net/hz/ed/listing-thumb-224w/af73a333dba8dfebe161eac565cc5c91/-/horizon-files-prod/ed/picture/q2p85wd/25e7c99c09795e60d63825c37daa59a03b3855a3.jpg
Bache auto 4√ó4 pvc doubl√© en coton,Neuf,"Liberte 6,Dakar",25000,https://i.roamcdn.net/hz/ed/listing-thumb-224w/a2da5ad09a710b78c6f94f66b40a3d8b/-/horizon-files-prod/ed/picture/qwqnjkm/724ea9ce34a970be62277de8a8961fe1fd238a41.jpg
Chargeur sans fil auto,Neuf,"Grand-Dakar,Dakar",7000,https://i.roamcdn.net/hz/ed/listing-thumb-224w/fb55a27a16e12bfb6bec90ae0df0b83e/-/horizon-files-prod/ed/picture/qnqd980/8e355d413f858043d798b2c1f09cdebecff74d8e.jpg
Lecteur mp3 t10 voiture,Neuf,"Liberte 6,Dakar",10000,https://i.roamcdn.net/hz/ed/listing-thumb-224w/aa8987d4494f17c25d44daccf2ba7e88/-/horizon-files-prod/ed/picture/q945mr8/04e219377f2a3c7594a5ec4568bf9fd4a4da865a.jpg
B√¢ches auto,Neuf,"Liberte 6,Dakar",25000,https://i.roamcdn.net/hz/ed/listing-thumb-224w/76e83f64e3c21a73da6b3ef0d245d104/-/horizon-files-prod/ed/picture/qwd7rxd/4cb817a20255bd3c9ac38654ea0bbaafaad6642c.jpg
Extracteurs et compresseurs amortisseurs,Neuf,"Mbour,Thi√®s",75000,https://i.roamcdn.net/hz/ed/listing-thumb-224w/de5ac18080d65bb44da7842e8fd26af2/-/horizon-files-prod/ed/picture/qm2qgm2/938ebdfb6b71373f2d50ea73c80aa62f617406d4.jpg
Antivol bloque volant pour voiture,Neuf,"Mbour,Thi√®s",40000,https://i.roamcdn.net/hz/ed/listing-thumb-224w/8f15ddb5265c8cb371cc72f592c1435d/-/horizon-files-prod/ed/picture/qjeen2d/257838dd3000cf52fa938555ee7422439fafce26.jpg
D√©marreurs,Neuf,"Mbour,Thi√®s",190000,https://i.roamcdn.net/hz/ed/listing-thumb-224w/3aba46b147f21816077a2ae400cba8d6/-/horizon-files-prod/ed/picture/qv65r4v/69783d9aeabd72c8e32cc31f94ce94fecf604f4e.jpg
Kit de freins tambours Bosch,Neuf,"Mbour,Thi√®s",75000,https://i.roamcdn.net/hz/ed/listing-thumb-224w/b52afdc59d48943e981c7f9ab699ae2c/-/horizon-files-prod/ed/picture/q69mgvv/a41233254b55a7a7801db95b14db92d21290de6e.jpg
Outil d'activation du capteur de pneus TPMS,Neuf,"Mbour,Thi√®s",25000,https://i.roamcdn.net/hz/ed/listing-thumb-224w/fda9da38b83f825c81f0de8d1c3f3cf6/-/horizon-files-prod/ed/picture/qmevgrd/28eb7c0cc300041b2de0de16f0ebea2cf5025d2e.jpg
Convertisseur Allume Cigare 12V vers prise secteur 220V,Neuf,"Hann Bel-Air,Dakar",15000,https://i.roamcdn.net/hz/ed/listing-thumb-224w/686786e2f8170e0f6438169f57507206/-/horizon-files-prod/ed/picture/qdpdekw/17c249ca8bcc07ce724a19d5b8293ecccf348187.jpg
"ECRAN DELL 19""TOUT NEUF",Neuf,"Colobane,Dakar",75000,https://i.roamcdn.net/hz/ed/listing-thumb-224w/164a663122866cbbf4539ed6b68e6d04/-/horizon-files-prod/ed/picture/q2vg20g/1581a2946828d4aef3f60ec7c59e4c9c6972df4b.jpg
Aspirateur Multifonction 4 en 1 Pour Voiture,Neuf,"Hann Bel-Air,Dakar",45000,https://i.roamcdn.net/hz/ed/listing-thumb-224w/2b7a0866a9239ca6720ac918a30e56f7/-/horizon-files-prod/ed/picture/q496j9e/76139ac1f898f1e00a5baf4a21fd10e52514d04d.jpg
Gonfleur de pneu 12 V pour voiture,Neuf,"Mbour,Thi√®s",23000,https://i.roamcdn.net/hz/ed/listing-thumb-224w/89363de413832d962afb82d5b9410e23/-/horizon-files-prod/ed/picture/q49r97z/00975708eef85db499038be351f7eb350dc31d49.jpg
Aspirateur Multifonction 4 en 1,Neuf,"Hann Bel-Air,Dakar",35000,https://i.roamcdn.net/hz/ed/listing-thumb-224w/f6fe55b258f9856d3b4bd7000a55480f/-/horizon-files-prod/ed/picture/q68jrdj/46ffe3ae2324a86033bac598addd3c9398af2502.jpg
Aspirateur Multifonction 4 en 1 Pour Voiture,Neuf,"Hann Bel-Air,Dakar",45000,https://i.roamcdn.net/hz/ed/listing-thumb-224w/79a4a85facbd295ceab12604e04fcd44/-/horizon-files-prod/ed/picture/qezkpvz/afdd4e60772471e3ccf59eca9825fd7ba9663aa8.jpg
